TABLE_CATALOG,TABLE_SCHEMA,TABLE_NAME,COLUMN_NAME,ORDINAL_POSITION,COLUMN_DEFAULT,IS_NULLABLE,DATA_TYPE,CHARACTER_MAXIMUM_LENGTH,CHARACTER_OCTET_LENGTH,NUMERIC_PRECISION,NUMERIC_PRECISION_RADIX,NUMERIC_SCALE,DATETIME_PRECISION,INTERVAL_TYPE,INTERVAL_PRECISION,CHARACTER_SET_CATALOG,CHARACTER_SET_SCHEMA,CHARACTER_SET_NAME,COLLATION_CATALOG,COLLATION_SCHEMA,COLLATION_NAME,DOMAIN_CATALOG,DOMAIN_SCHEMA,DOMAIN_NAME,UDT_CATALOG,UDT_SCHEMA,UDT_NAME,SCOPE_CATALOG,SCOPE_SCHEMA,SCOPE_NAME,MAXIMUM_CARDINALITY,DTD_IDENTIFIER,IS_SELF_REFERENCING,IS_IDENTITY,IDENTITY_GENERATION,IDENTITY_START,IDENTITY_INCREMENT,IDENTITY_MAXIMUM,IDENTITY_MINIMUM,IDENTITY_CYCLE,IDENTITY_ORDERED,SCHEMA_EVOLUTION_RECORD,DATA_TYPE_ALIAS,COMMENT
DVLP_RAPTOR_NEWADJ,FACT,FRTBSA_DRC_MEASURES,FRTBSA_DRC_KEY,1,,YES,TEXT,32,128,,,,,,,,,,,,,,,,,,,,,,,,NO,NO,,,,,,,,,,
DVLP_RAPTOR_NEWADJ,FACT,FRTBSA_DRC_MEASURES,COBID,2,,YES,NUMBER,,,38,10,0,,,,,,,,,,,,,,,,,,,,,NO,NO,,,,,,,,,,
DVLP_RAPTOR_NEWADJ,FACT,FRTBSA_DRC_MEASURES,EVALUATION_DATE,3,,YES,DATE,,,,,,,,,,,,,,,,,,,,,,,,,,NO,NO,,,,,,,,,,
DVLP_RAPTOR_NEWADJ,FACT,FRTBSA_DRC_MEASURES,SIMULATION_ID,4,,YES,TEXT,16777216,16777216,,,,,,,,,,,,en-ci,,,,,,,,,,,,NO,NO,,,,,,,,,,
DVLP_RAPTOR_NEWADJ,FACT,FRTBSA_DRC_MEASURES,ORIGINAL_TRADE_ID,5,,YES,TEXT,16777216,16777216,,,,,,,,,,,,en-ci,,,,,,,,,,,,NO,NO,,,,,,,,,,
DVLP_RAPTOR_NEWADJ,FACT,FRTBSA_DRC_MEASURES,RAPTOR_TRADE_CODE,6,,YES,TEXT,16777216,16777216,,,,,,,,,,,,en-ci,,,,,,,,,,,,NO,NO,,,,,,,,,,
DVLP_RAPTOR_NEWADJ,FACT,FRTBSA_DRC_MEASURES,RAPTOR_TRADE_LOGIC,7,,YES,TEXT,2,8,,,,,,,,,,,,en-ci,,,,,,,,,,,,NO,NO,,,,,,,,,,
DVLP_RAPTOR_NEWADJ,FACT,FRTBSA_DRC_MEASURES,BOOK_CODE,8,,YES,TEXT,16777216,16777216,,,,,,,,,,,,en-ci,,,,,,,,,,,,NO,NO,,,,,,,,,,
DVLP_RAPTOR_NEWADJ,FACT,FRTBSA_DRC_MEASURES,ENTITY_CODE,9,,YES,TEXT,16777216,16777216,,,,,,,,,,,,en-ci,,,,,,,,,,,,NO,NO,,,,,,,,,,
DVLP_RAPTOR_NEWADJ,FACT,FRTBSA_DRC_MEASURES,STRUCTURE_NUMBER,10,,YES,TEXT,16777216,16777216,,,,,,,,,,,,,,,,,,,,,,,,NO,NO,,,,,,,,,,
DVLP_RAPTOR_NEWADJ,FACT,FRTBSA_DRC_MEASURES,SIMULATION_NAME,11,,YES,TEXT,16777216,16777216,,,,,,,,,,,,en-ci,,,,,,,,,,,,NO,NO,,,,,,,,,,
DVLP_RAPTOR_NEWADJ,FACT,FRTBSA_DRC_MEASURES,MUFG_ORGANIZATION_CODE,12,,YES,TEXT,16777216,16777216,,,,,,,,,,,,en-ci,,,,,,,,,,,,NO,NO,,,,,,,,,,
DVLP_RAPTOR_NEWADJ,FACT,FRTBSA_DRC_MEASURES,MUFG_PRODUCT_CODE,13,,YES,TEXT,16777216,16777216,,,,,,,,,,,,en-ci,,,,,,,,,,,,NO,NO,,,,,,,,,,
DVLP_RAPTOR_NEWADJ,FACT,FRTBSA_DRC_MEASURES,BUSINESS_PRODUCT_CODE1,14,,YES,TEXT,16777216,16777216,,,,,,,,,,,,en-ci,,,,,,,,,,,,NO,NO,,,,,,,,,,
DVLP_RAPTOR_NEWADJ,FACT,FRTBSA_DRC_MEASURES,BUSINESS_PRODUCT_CODE2,15,,YES,TEXT,16777216,16777216,,,,,,,,,,,,en-ci,,,,,,,,,,,,NO,NO,,,,,,,,,,
DVLP_RAPTOR_NEWADJ,FACT,FRTBSA_DRC_MEASURES,BUSINESS_PRODUCT_CODE3,16,,YES,TEXT,16777216,16777216,,,,,,,,,,,,en-ci,,,,,,,,,,,,NO,NO,,,,,,,,,,
DVLP_RAPTOR_NEWADJ,FACT,FRTBSA_DRC_MEASURES,BUSINESS_PRODUCT_CODE4,17,,YES,TEXT,16777216,16777216,,,,,,,,,,,,en-ci,,,,,,,,,,,,NO,NO,,,,,,,,,,
DVLP_RAPTOR_NEWADJ,FACT,FRTBSA_DRC_MEASURES,TRADING_DESK,18,,YES,TEXT,16777216,16777216,,,,,,,,,,,,en-ci,,,,,,,,,,,,NO,NO,,,,,,,,,,
DVLP_RAPTOR_NEWADJ,FACT,FRTBSA_DRC_MEASURES,BT_TYPE,19,,YES,TEXT,16777216,16777216,,,,,,,,,,,,en-ci,,,,,,,,,,,,NO,NO,,,,,,,,,,
DVLP_RAPTOR_NEWADJ,FACT,FRTBSA_DRC_MEASURES,MEASURE_TYPE_CODE,20,,YES,TEXT,30,120,,,,,,,,,,,,,,,,,,,,,,,,NO,NO,,,,,,,,,,
DVLP_RAPTOR_NEWADJ,FACT,FRTBSA_DRC_MEASURES,CURRENCY_CODE,21,,YES,TEXT,16777216,16777216,,,,,,,,,,,,en-ci,,,,,,,,,,,,NO,NO,,,,,,,,,,
DVLP_RAPTOR_NEWADJ,FACT,FRTBSA_DRC_MEASURES,CURRENCY_PAIR_CODE,22,,YES,TEXT,16777216,16777216,,,,,,,,,,,,en-ci,,,,,,,,,,,,NO,NO,,,,,,,,,,
DVLP_RAPTOR_NEWADJ,FACT,FRTBSA_DRC_MEASURES,CCY1,23,,YES,TEXT,16777216,16777216,,,,,,,,,,,,en-ci,,,,,,,,,,,,NO,NO,,,,,,,,,,
DVLP_RAPTOR_NEWADJ,FACT,FRTBSA_DRC_MEASURES,CCY1_OFFSHORE_QUALIFIER,24,,YES,TEXT,16777216,16777216,,,,,,,,,,,,en-ci,,,,,,,,,,,,NO,NO,,,,,,,,,,
DVLP_RAPTOR_NEWADJ,FACT,FRTBSA_DRC_MEASURES,CCY2,25,,YES,TEXT,16777216,16777216,,,,,,,,,,,,en-ci,,,,,,,,,,,,NO,NO,,,,,,,,,,
DVLP_RAPTOR_NEWADJ,FACT,FRTBSA_DRC_MEASURES,CCY2_OFFSHORE_QUALIFIER,26,,YES,TEXT,16777216,16777216,,,,,,,,,,,,en-ci,,,,,,,,,,,,NO,NO,,,,,,,,,,
DVLP_RAPTOR_NEWADJ,FACT,FRTBSA_DRC_MEASURES,CCY_AMT,27,,YES,TEXT,16777216,16777216,,,,,,,,,,,,en-ci,,,,,,,,,,,,NO,NO,,,,,,,,,,
DVLP_RAPTOR_NEWADJ,FACT,FRTBSA_DRC_MEASURES,CCY_AMT_OFFSHORE_QUALIFIER,28,,YES,TEXT,16777216,16777216,,,,,,,,,,,,en-ci,,,,,,,,,,,,NO,NO,,,,,,,,,,
DVLP_RAPTOR_NEWADJ,FACT,FRTBSA_DRC_MEASURES,RISK_CLASS,29,,YES,TEXT,16777216,16777216,,,,,,,,,,,,en-ci,,,,,,,,,,,,NO,NO,,,,,,,,,,
DVLP_RAPTOR_NEWADJ,FACT,FRTBSA_DRC_MEASURES,BUCKET,30,,YES,TEXT,16777216,16777216,,,,,,,,,,,,en-ci,,,,,,,,,,,,NO,NO,,,,,,,,,,
DVLP_RAPTOR_NEWADJ,FACT,FRTBSA_DRC_MEASURES,SABRE_SECURITY_CODE_TYPE,31,,YES,TEXT,16777216,16777216,,,,,,,,,,,,en-ci,,,,,,,,,,,,NO,NO,,,,,,,,,,
DVLP_RAPTOR_NEWADJ,FACT,FRTBSA_DRC_MEASURES,SABRE_SECURITY_CODE,32,,YES,TEXT,16777216,16777216,,,,,,,,,,,,,,,,,,,,,,,,NO,NO,,,,,,,,,,
DVLP_RAPTOR_NEWADJ,FACT,FRTBSA_DRC_MEASURES,SECURITY_CODE_TYPE,33,,YES,TEXT,16777216,16777216,,,,,,,,,,,,en-ci,,,,,,,,,,,,NO,NO,,,,,,,,,,
DVLP_RAPTOR_NEWADJ,FACT,FRTBSA_DRC_MEASURES,SECURITY_CODE,34,,YES,TEXT,16777216,16777216,,,,,,,,,,,,,,,,,,,,,,,,NO,NO,,,,,,,,,,
DVLP_RAPTOR_NEWADJ,FACT,FRTBSA_DRC_MEASURES,ISSUE_NAME,35,,YES,TEXT,16777216,16777216,,,,,,,,,,,,en-ci,,,,,,,,,,,,NO,NO,,,,,,,,,,
DVLP_RAPTOR_NEWADJ,FACT,FRTBSA_DRC_MEASURES,SECURITY_INFORMATION1,36,,YES,TEXT,16777216,16777216,,,,,,,,,,,,en-ci,,,,,,,,,,,,NO,NO,,,,,,,,,,
DVLP_RAPTOR_NEWADJ,FACT,FRTBSA_DRC_MEASURES,SECURITY_INFORMATION2,37,,YES,TEXT,16777216,16777216,,,,,,,,,,,,en-ci,,,,,,,,,,,,NO,NO,,,,,,,,,,
DVLP_RAPTOR_NEWADJ,FACT,FRTBSA_DRC_MEASURES,SECURITY_INFORMATION3,38,,YES,TEXT,16777216,16777216,,,,,,,,,,,,en-ci,,,,,,,,,,,,NO,NO,,,,,,,,,,
DVLP_RAPTOR_NEWADJ,FACT,FRTBSA_DRC_MEASURES,ISSUER_CODE,39,,YES,TEXT,16777216,16777216,,,,,,,,,,,,en-ci,,,,,,,,,,,,NO,NO,,,,,,,,,,
DVLP_RAPTOR_NEWADJ,FACT,FRTBSA_DRC_MEASURES,ISSUER_RATING,40,,YES,TEXT,16777216,16777216,,,,,,,,,,,,en-ci,,,,,,,,,,,,NO,NO,,,,,,,,,,
DVLP_RAPTOR_NEWADJ,FACT,FRTBSA_DRC_MEASURES,MATURITY_DATE,41,,YES,DATE,,,,,,,,,,,,,,,,,,,,,,,,,,NO,NO,,,,,,,,,,
DVLP_RAPTOR_NEWADJ,FACT,FRTBSA_DRC_MEASURES,NOTIONAL_AMOUNT,42,,YES,NUMBER,,,38,10,10,,,,,,,,,,,,,,,,,,,,,NO,NO,,,,,,,,,,
DVLP_RAPTOR_NEWADJ,FACT,FRTBSA_DRC_MEASURES,MARKET_PRICE,43,,YES,TEXT,16777216,16777216,,,,,,,,,,,,en-ci,,,,,,,,,,,,NO,NO,,,,,,,,,,
DVLP_RAPTOR_NEWADJ,FACT,FRTBSA_DRC_MEASURES,BUY_SELL,44,,YES,TEXT,16777216,16777216,,,,,,,,,,,,en-ci,,,,,,,,,,,,NO,NO,,,,,,,,,,
DVLP_RAPTOR_NEWADJ,FACT,FRTBSA_DRC_MEASURES,JTD_RISK_DIRECTION,45,,YES,TEXT,16777216,16777216,,,,,,,,,,,,en-ci,,,,,,,,,,,,NO,NO,,,,,,,,,,
DVLP_RAPTOR_NEWADJ,FACT,FRTBSA_DRC_MEASURES,CALL_PUT,46,,YES,TEXT,16777216,16777216,,,,,,,,,,,,en-ci,,,,,,,,,,,,NO,NO,,,,,,,,,,
DVLP_RAPTOR_NEWADJ,FACT,FRTBSA_DRC_MEASURES,STRIKE,47,,YES,TEXT,16777216,16777216,,,,,,,,,,,,en-ci,,,,,,,,,,,,NO,NO,,,,,,,,,,
DVLP_RAPTOR_NEWADJ,FACT,FRTBSA_DRC_MEASURES,ATTACHMENT,48,,YES,TEXT,16777216,16777216,,,,,,,,,,,,en-ci,,,,,,,,,,,,NO,NO,,,,,,,,,,
DVLP_RAPTOR_NEWADJ,FACT,FRTBSA_DRC_MEASURES,DETACHMENT,49,,YES,TEXT,16777216,16777216,,,,,,,,,,,,en-ci,,,,,,,,,,,,NO,NO,,,,,,,,,,
DVLP_RAPTOR_NEWADJ,FACT,FRTBSA_DRC_MEASURES,COUNTER_PARTY_CODE_HD,50,,YES,TEXT,16777216,16777216,,,,,,,,,,,,en-ci,,,,,,,,,,,,NO,NO,,,,,,,,,,
DVLP_RAPTOR_NEWADJ,FACT,FRTBSA_DRC_MEASURES,GMRM_PRODUCT,51,,YES,TEXT,16777216,16777216,,,,,,,,,,,,en-ci,,,,,,,,,,,,NO,NO,,,,,,,,,,
DVLP_RAPTOR_NEWADJ,FACT,FRTBSA_DRC_MEASURES,GMRM_LGD,52,,YES,TEXT,16777216,16777216,,,,,,,,,,,,en-ci,,,,,,,,,,,,NO,NO,,,,,,,,,,
DVLP_RAPTOR_NEWADJ,FACT,FRTBSA_DRC_MEASURES,DEFAULT_RISK_WEIGHT,53,,YES,TEXT,16777216,16777216,,,,,,,,,,,,en-ci,,,,,,,,,,,,NO,NO,,,,,,,,,,
DVLP_RAPTOR_NEWADJ,FACT,FRTBSA_DRC_MEASURES,SOURCE_SYSTEM_CODE,54,,YES,TEXT,2,8,,,,,,,,,,,,en-ci,,,,,,,,,,,,NO,NO,,,,,,,,,,
DVLP_RAPTOR_NEWADJ,FACT,FRTBSA_DRC_MEASURES,LOAD_SET,55,,YES,TEXT,3,12,,,,,,,,,,,,,,,,,,,,,,,,NO,NO,,,,,,,,,,
DVLP_RAPTOR_NEWADJ,FACT,FRTBSA_DRC_MEASURES,REGION_AREA_CODE,56,,YES,TEXT,16777216,16777216,,,,,,,,,,,,,,,,,,,,,,,,NO,NO,,,,,,,,,,
DVLP_RAPTOR_NEWADJ,FACT,FRTBSA_DRC_MEASURES,REGION_DATA_SET_CODE,57,,YES,TEXT,8,32,,,,,,,,,,,,,,,,,,,,,,,,NO,NO,,,,,,,,,,
DVLP_RAPTOR_NEWADJ,FACT,FRTBSA_DRC_MEASURES,JTD_LOSS,58,,YES,NUMBER,,,38,10,10,,,,,,,,,,,,,,,,,,,,,NO,NO,,,,,,,,,,
DVLP_RAPTOR_NEWADJ,FACT,FRTBSA_DRC_MEASURES,JTD_LOSS_USD,59,,YES,NUMBER,,,38,10,10,,,,,,,,,,,,,,,,,,,,,NO,NO,,,,,,,,,,
DVLP_RAPTOR_NEWADJ,FACT,FRTBSA_DRC_MEASURES,JTD_LOSS_ORIGINAL,60,,YES,NUMBER,,,38,10,10,,,,,,,,,,,,,,,,,,,,,NO,NO,,,,,,,,,,
DVLP_RAPTOR_NEWADJ,FACT,FRTBSA_DRC_MEASURES,JTD_LOSS_USD_ORIGINAL,61,,YES,NUMBER,,,38,10,10,,,,,,,,,,,,,,,,,,,,,NO,NO,,,,,,,,,,
DVLP_RAPTOR_NEWADJ,FACT,FRTBSA_DRC_MEASURES,LGD,62,,YES,TEXT,16777216,16777216,,,,,,,,,,,,en-ci,,,,,,,,,,,,NO,NO,,,,,,,,,,
DVLP_RAPTOR_NEWADJ,FACT,FRTBSA_DRC_MEASURES,REGION,63,,YES,TEXT,16777216,16777216,,,,,,,,,,,,en-ci,,,,,,,,,,,,NO,NO,,,,,,,,,,
DVLP_RAPTOR_NEWADJ,FACT,FRTBSA_DRC_MEASURES,NOTIONAL,64,,YES,TEXT,16777216,16777216,,,,,,,,,,,,en-ci,,,,,,,,,,,,NO,NO,,,,,,,,,,
DVLP_RAPTOR_NEWADJ,FACT,FRTBSA_DRC_MEASURES,SECTOR_NAME,65,,YES,TEXT,16777216,16777216,,,,,,,,,,,,en-ci,,,,,,,,,,,,NO,NO,,,,,,,,,,
DVLP_RAPTOR_NEWADJ,FACT,FRTBSA_DRC_MEASURES,REGULATOR_BUCKET,66,,YES,TEXT,16777216,16777216,,,,,,,,,,,,en-ci,,,,,,,,,,,,NO,NO,,,,,,,,,,
DVLP_RAPTOR_NEWADJ,FACT,FRTBSA_DRC_MEASURES,REGULATOR_BUCKET_NAME,67,,YES,TEXT,16777216,16777216,,,,,,,,,,,,en-ci,,,,,,,,,,,,NO,NO,,,,,,,,,,
DVLP_RAPTOR_NEWADJ,FACT,FRTBSA_DRC_MEASURES,EBA_BUCKET,68,,YES,TEXT,16777216,16777216,,,,,,,,,,,,en-ci,,,,,,,,,,,,NO,NO,,,,,,,,,,
DVLP_RAPTOR_NEWADJ,FACT,FRTBSA_DRC_MEASURES,EBA_BUCKET_NAME,69,,YES,TEXT,16777216,16777216,,,,,,,,,,,,en-ci,,,,,,,,,,,,NO,NO,,,,,,,,,,
DVLP_RAPTOR_NEWADJ,FACT,FRTBSA_DRC_MEASURES,PRA_BUCKET,70,,YES,TEXT,16777216,16777216,,,,,,,,,,,,en-ci,,,,,,,,,,,,NO,NO,,,,,,,,,,
DVLP_RAPTOR_NEWADJ,FACT,FRTBSA_DRC_MEASURES,PRA_BUCKET_NAME,71,,YES,TEXT,16777216,16777216,,,,,,,,,,,,en-ci,,,,,,,,,,,,NO,NO,,,,,,,,,,
DVLP_RAPTOR_NEWADJ,FACT,FRTBSA_DRC_MEASURES,FED_BUCKET,72,,YES,TEXT,16777216,16777216,,,,,,,,,,,,en-ci,,,,,,,,,,,,NO,NO,,,,,,,,,,
DVLP_RAPTOR_NEWADJ,FACT,FRTBSA_DRC_MEASURES,FED_BUCKET_NAME,73,,YES,TEXT,16777216,16777216,,,,,,,,,,,,en-ci,,,,,,,,,,,,NO,NO,,,,,,,,,,
DVLP_RAPTOR_NEWADJ,FACT,FRTBSA_DRC_MEASURES,RAVEN_DATASET_NAME,74,,YES,TEXT,500,2000,,,,,,,,,,,,en-ci,,,,,,,,,,,,NO,NO,,,,,,,,,,
DVLP_RAPTOR_NEWADJ,FACT,FRTBSA_DRC_MEASURES,IS_OFFICIAL_SOURCE,75,,YES,BOOLEAN,,,,,,,,,,,,,,,,,,,,,,,,,,NO,NO,,,,,,,,,,
DVLP_RAPTOR_NEWADJ,FACT,FRTBSA_DRC_MEASURES,BOOK_KEY,76,,YES,NUMBER,,,38,10,0,,,,,,,,,,,,,,,,,,,,,NO,NO,,,,,,,,,,
DVLP_RAPTOR_NEWADJ,FACT,FRTBSA_DRC_MEASURES,TRADE_KEY,77,,YES,NUMBER,,,38,10,0,,,,,,,,,,,,,,,,,,,,,NO,NO,,,,,,,,,,
DVLP_RAPTOR_NEWADJ,FACT,FRTBSA_DRC_MEASURES,PRODUCT_CATEGORY_ATTRIBUTES_KEY,78,,YES,NUMBER,,,38,10,0,,,,,,,,,,,,,,,,,,,,,NO,NO,,,,,,,,,,
DVLP_RAPTOR_NEWADJ,FACT,FRTBSA_DRC_MEASURES,TRADE_SOURCE_SYSTEM_CODE,79,,YES,TEXT,2,8,,,,,,,,,,,,en-ci,,,,,,,,,,,,NO,NO,,,,,,,,,,
DVLP_RAPTOR_NEWADJ,FACT,FRTBSA_DRC_MEASURES,COMMON_INSTRUMENT_KEY,80,,YES,NUMBER,,,38,10,0,,,,,,,,,,,,,,,,,,,,,NO,NO,,,,,,,,,,
DVLP_RAPTOR_NEWADJ,FACT,FRTBSA_DRC_MEASURES,COMMON_INSTRUMENT_FCD_KEY,81,,YES,NUMBER,,,38,10,0,,,,,,,,,,,,,,,,,,,,,NO,NO,,,,,,,,,,
DVLP_RAPTOR_NEWADJ,FACT,FRTBSA_DRC_MEASURES,CURRENCY_PAIR_KEY,82,,YES,NUMBER,,,19,10,0,,,,,,,,,,,,,,,,,,,,,NO,NO,,,,,,,,,,
DVLP_RAPTOR_NEWADJ,FACT,FRTBSA_DRC_MEASURES,MEASURE_TYPE_KEY,83,,YES,NUMBER,,,38,10,0,,,,,,,,,,,,,,,,,,,,,NO,NO,,,,,,,,,,
DVLP_RAPTOR_NEWADJ,FACT,FRTBSA_DRC_MEASURES,INSTRUMENT_NAME,84,,YES,TEXT,100,400,,,,,,,,,,,,en-ci,,,,,,,,,,,,NO,NO,,,,,,,,,,
DVLP_RAPTOR_NEWADJ,FACT,FRTBSA_DRC_MEASURES,UNDERLYING,85,,YES,TEXT,16777216,16777216,,,,,,,,,,,,en-ci,,,,,,,,,,,,NO,NO,,,,,,,,,,
DVLP_RAPTOR_NEWADJ,FACT,FRTBSA_DRC_MEASURES,FRTB_INSTRUMENT_KEY,86,,YES,NUMBER,,,19,10,0,,,,,,,,,,,,,,,,,,,,,NO,NO,,,,,,,,,,
DVLP_RAPTOR_NEWADJ,FACT,FRTBSA_DRC_MEASURES,RAPTOR_LOGIC_TEMPLATE_KEY,87,,YES,NUMBER,,,1,10,0,,,,,,,,,,,,,,,,,,,,,NO,NO,,,,,,,,,,
DVLP_RAPTOR_NEWADJ,FACT,FRTBSA_DRC_MEASURES,MUREX_INSTRUMENT,88,,YES,TEXT,16777216,16777216,,,,,,,,,,,,en-ci,,,,,,,,,,,,NO,NO,,,,,,,,,,
DVLP_RAPTOR_NEWADJ,FACT,FRTBSA_DRC_MEASURES,MUREX_VERSION,89,,YES,TEXT,10,40,,,,,,,,,,,,en-ci,,,,,,,,,,,,NO,NO,,,,,,,,,,
DVLP_RAPTOR_NEWADJ,FACT,FRTBSA_DRC_MEASURES,TRADE_TYPOLOGY,90,,YES,TEXT,16777216,16777216,,,,,,,,,,,,en-ci,,,,,,,,,,,,NO,NO,,,,,,,,,,
DVLP_RAPTOR_NEWADJ,FACT,FRTBSA_DRC_MEASURES,IS_BELOW_THE_LINE_TYPOLOGY,91,,YES,BOOLEAN,,,,,,,,,,,,,,,,,,,,,,,,,,NO,NO,,,,,,,,,,
DVLP_RAPTOR_NEWADJ,FACT,FRTBSA_DRC_MEASURES,IS_FRTB_STATUS_ACTIVE,92,,YES,BOOLEAN,,,,,,,,,,,,,,,,,,,,,,,,,,NO,NO,,,,,,,,,,
DVLP_RAPTOR_NEWADJ,FACT,FRTBSA_DRC_MEASURES,LOAD_TIMESTAMP,93,,YES,TIMESTAMP_LTZ,,,,,,9,,,,,,,,,,,,,,,,,,,,NO,NO,,,,,,,,,,
DVLP_RAPTOR_NEWADJ,FACT,FRTBSA_RRAO_MEASURES,FRTBSA_RRAO_KEY,1,,YES,TEXT,32,128,,,,,,,,,,,,,,,,,,,,,,,,NO,NO,,,,,,,,,,
DVLP_RAPTOR_NEWADJ,FACT,FRTBSA_RRAO_MEASURES,COBID,2,,YES,NUMBER,,,38,10,0,,,,,,,,,,,,,,,,,,,,,NO,NO,,,,,,,,,,
DVLP_RAPTOR_NEWADJ,FACT,FRTBSA_RRAO_MEASURES,EVALUATION_DATE,3,,YES,DATE,,,,,,,,,,,,,,,,,,,,,,,,,,NO,NO,,,,,,,,,,
DVLP_RAPTOR_NEWADJ,FACT,FRTBSA_RRAO_MEASURES,SIMULATION_ID,4,,YES,TEXT,16777216,16777216,,,,,,,,,,,,en-ci,,,,,,,,,,,,NO,NO,,,,,,,,,,
DVLP_RAPTOR_NEWADJ,FACT,FRTBSA_RRAO_MEASURES,ORIGINAL_TRADE_ID,5,,YES,TEXT,16777216,16777216,,,,,,,,,,,,en-ci,,,,,,,,,,,,NO,NO,,,,,,,,,,
DVLP_RAPTOR_NEWADJ,FACT,FRTBSA_RRAO_MEASURES,RAPTOR_TRADE_CODE,6,,YES,TEXT,16777216,16777216,,,,,,,,,,,,en-ci,,,,,,,,,,,,NO,NO,,,,,,,,,,
DVLP_RAPTOR_NEWADJ,FACT,FRTBSA_RRAO_MEASURES,RAPTOR_TRADE_LOGIC,7,,YES,TEXT,2,8,,,,,,,,,,,,en-ci,,,,,,,,,,,,NO,NO,,,,,,,,,,
DVLP_RAPTOR_NEWADJ,FACT,FRTBSA_RRAO_MEASURES,BOOK_CODE,8,,YES,TEXT,16777216,16777216,,,,,,,,,,,,en-ci,,,,,,,,,,,,NO,NO,,,,,,,,,,
DVLP_RAPTOR_NEWADJ,FACT,FRTBSA_RRAO_MEASURES,ENTITY_CODE,9,,YES,TEXT,16777216,16777216,,,,,,,,,,,,en-ci,,,,,,,,,,,,NO,NO,,,,,,,,,,
DVLP_RAPTOR_NEWADJ,FACT,FRTBSA_RRAO_MEASURES,STRUCTURE_NUMBER,10,,YES,NUMBER,,,1,10,0,,,,,,,,,,,,,,,,,,,,,NO,NO,,,,,,,,,,
DVLP_RAPTOR_NEWADJ,FACT,FRTBSA_RRAO_MEASURES,SIMULATION_NAME,11,,YES,TEXT,16777216,16777216,,,,,,,,,,,,en-ci,,,,,,,,,,,,NO,NO,,,,,,,,,,
DVLP_RAPTOR_NEWADJ,FACT,FRTBSA_RRAO_MEASURES,MUFG_ORGANIZATION_CODE,12,,YES,TEXT,16777216,16777216,,,,,,,,,,,,en-ci,,,,,,,,,,,,NO,NO,,,,,,,,,,
DVLP_RAPTOR_NEWADJ,FACT,FRTBSA_RRAO_MEASURES,MUFG_PRODUCT_CODE,13,,YES,TEXT,16777216,16777216,,,,,,,,,,,,en-ci,,,,,,,,,,,,NO,NO,,,,,,,,,,
DVLP_RAPTOR_NEWADJ,FACT,FRTBSA_RRAO_MEASURES,BUSINESS_PRODUCT_CODE1,14,,YES,TEXT,16777216,16777216,,,,,,,,,,,,en-ci,,,,,,,,,,,,NO,NO,,,,,,,,,,
DVLP_RAPTOR_NEWADJ,FACT,FRTBSA_RRAO_MEASURES,BUSINESS_PRODUCT_CODE2,15,,YES,TEXT,16777216,16777216,,,,,,,,,,,,en-ci,,,,,,,,,,,,NO,NO,,,,,,,,,,
DVLP_RAPTOR_NEWADJ,FACT,FRTBSA_RRAO_MEASURES,BUSINESS_PRODUCT_CODE3,16,,YES,TEXT,16777216,16777216,,,,,,,,,,,,en-ci,,,,,,,,,,,,NO,NO,,,,,,,,,,
DVLP_RAPTOR_NEWADJ,FACT,FRTBSA_RRAO_MEASURES,BUSINESS_PRODUCT_CODE4,17,,YES,TEXT,16777216,16777216,,,,,,,,,,,,en-ci,,,,,,,,,,,,NO,NO,,,,,,,,,,
DVLP_RAPTOR_NEWADJ,FACT,FRTBSA_RRAO_MEASURES,TRADING_DESK,18,,YES,TEXT,16777216,16777216,,,,,,,,,,,,en-ci,,,,,,,,,,,,NO,NO,,,,,,,,,,
DVLP_RAPTOR_NEWADJ,FACT,FRTBSA_RRAO_MEASURES,BT_TYPE,19,,YES,TEXT,16777216,16777216,,,,,,,,,,,,en-ci,,,,,,,,,,,,NO,NO,,,,,,,,,,
DVLP_RAPTOR_NEWADJ,FACT,FRTBSA_RRAO_MEASURES,MEASURE_TYPE_CODE,20,,YES,TEXT,30,120,,,,,,,,,,,,,,,,,,,,,,,,NO,NO,,,,,,,,,,
DVLP_RAPTOR_NEWADJ,FACT,FRTBSA_RRAO_MEASURES,CURRENCY_CODE,21,,YES,TEXT,16777216,16777216,,,,,,,,,,,,en-ci,,,,,,,,,,,,NO,NO,,,,,,,,,,
DVLP_RAPTOR_NEWADJ,FACT,FRTBSA_RRAO_MEASURES,CURRENCY_PAIR_CODE,22,,YES,TEXT,16777216,16777216,,,,,,,,,,,,en-ci,,,,,,,,,,,,NO,NO,,,,,,,,,,
DVLP_RAPTOR_NEWADJ,FACT,FRTBSA_RRAO_MEASURES,CCY1,23,,YES,TEXT,16777216,16777216,,,,,,,,,,,,en-ci,,,,,,,,,,,,NO,NO,,,,,,,,,,
DVLP_RAPTOR_NEWADJ,FACT,FRTBSA_RRAO_MEASURES,CCY1_OFFSHORE_QUALIFIER,24,,YES,TEXT,16777216,16777216,,,,,,,,,,,,en-ci,,,,,,,,,,,,NO,NO,,,,,,,,,,
DVLP_RAPTOR_NEWADJ,FACT,FRTBSA_RRAO_MEASURES,CCY2,25,,YES,TEXT,16777216,16777216,,,,,,,,,,,,en-ci,,,,,,,,,,,,NO,NO,,,,,,,,,,
DVLP_RAPTOR_NEWADJ,FACT,FRTBSA_RRAO_MEASURES,CCY2_OFFSHORE_QUALIFIER,26,,YES,TEXT,16777216,16777216,,,,,,,,,,,,en-ci,,,,,,,,,,,,NO,NO,,,,,,,,,,
DVLP_RAPTOR_NEWADJ,FACT,FRTBSA_RRAO_MEASURES,CCY_AMT,27,,YES,TEXT,16777216,16777216,,,,,,,,,,,,en-ci,,,,,,,,,,,,NO,NO,,,,,,,,,,
DVLP_RAPTOR_NEWADJ,FACT,FRTBSA_RRAO_MEASURES,CCY_AMT_OFFSHORE_QUALIFIER,28,,YES,TEXT,16777216,16777216,,,,,,,,,,,,en-ci,,,,,,,,,,,,NO,NO,,,,,,,,,,
DVLP_RAPTOR_NEWADJ,FACT,FRTBSA_RRAO_MEASURES,ISSUER_CODE,29,,YES,TEXT,1,4,,,,,,,,,,,,,,,,,,,,,,,,NO,NO,,,,,,,,,,
DVLP_RAPTOR_NEWADJ,FACT,FRTBSA_RRAO_MEASURES,SA_RRAO_PRODUCT_TYPE,30,,YES,TEXT,16777216,16777216,,,,,,,,,,,,en-ci,,,,,,,,,,,,NO,NO,,,,,,,,,,
DVLP_RAPTOR_NEWADJ,FACT,FRTBSA_RRAO_MEASURES,NOTIONAL_AMOUNT,31,,YES,NUMBER,,,38,10,10,,,,,,,,,,,,,,,,,,,,,NO,NO,,,,,,,,,,
DVLP_RAPTOR_NEWADJ,FACT,FRTBSA_RRAO_MEASURES,NOTIONAL_AMOUNT_USD,32,,YES,NUMBER,,,38,10,10,,,,,,,,,,,,,,,,,,,,,NO,NO,,,,,,,,,,
DVLP_RAPTOR_NEWADJ,FACT,FRTBSA_RRAO_MEASURES,NOTIONAL_AMOUNT_ORIGINAL,33,,YES,NUMBER,,,38,10,10,,,,,,,,,,,,,,,,,,,,,NO,NO,,,,,,,,,,
DVLP_RAPTOR_NEWADJ,FACT,FRTBSA_RRAO_MEASURES,NOTIONAL_AMOUNT_USD_ORIGINAL,34,,YES,NUMBER,,,38,10,10,,,,,,,,,,,,,,,,,,,,,NO,NO,,,,,,,,,,
DVLP_RAPTOR_NEWADJ,FACT,FRTBSA_RRAO_MEASURES,STRATEGY,35,,YES,TEXT,16777216,16777216,,,,,,,,,,,,en-ci,,,,,,,,,,,,NO,NO,,,,,,,,,,
DVLP_RAPTOR_NEWADJ,FACT,FRTBSA_RRAO_MEASURES,SOURCE_SYSTEM_CODE,36,,YES,TEXT,2,8,,,,,,,,,,,,en-ci,,,,,,,,,,,,NO,NO,,,,,,,,,,
DVLP_RAPTOR_NEWADJ,FACT,FRTBSA_RRAO_MEASURES,LOAD_SET,37,,YES,TEXT,4,16,,,,,,,,,,,,,,,,,,,,,,,,NO,NO,,,,,,,,,,
DVLP_RAPTOR_NEWADJ,FACT,FRTBSA_RRAO_MEASURES,REGION_AREA_CODE,38,,YES,TEXT,16777216,16777216,,,,,,,,,,,,,,,,,,,,,,,,NO,NO,,,,,,,,,,
DVLP_RAPTOR_NEWADJ,FACT,FRTBSA_RRAO_MEASURES,REGION_DATA_SET_CODE,39,,YES,TEXT,8,32,,,,,,,,,,,,,,,,,,,,,,,,NO,NO,,,,,,,,,,
DVLP_RAPTOR_NEWADJ,FACT,FRTBSA_RRAO_MEASURES,RAVEN_DATASET_NAME,40,,YES,TEXT,500,2000,,,,,,,,,,,,en-ci,,,,,,,,,,,,NO,NO,,,,,,,,,,
DVLP_RAPTOR_NEWADJ,FACT,FRTBSA_RRAO_MEASURES,IS_OFFICIAL_SOURCE,41,,YES,BOOLEAN,,,,,,,,,,,,,,,,,,,,,,,,,,NO,NO,,,,,,,,,,
DVLP_RAPTOR_NEWADJ,FACT,FRTBSA_RRAO_MEASURES,BOOK_KEY,42,,YES,NUMBER,,,38,10,0,,,,,,,,,,,,,,,,,,,,,NO,NO,,,,,,,,,,
DVLP_RAPTOR_NEWADJ,FACT,FRTBSA_RRAO_MEASURES,TRADE_KEY,43,,YES,NUMBER,,,38,10,0,,,,,,,,,,,,,,,,,,,,,NO,NO,,,,,,,,,,
DVLP_RAPTOR_NEWADJ,FACT,FRTBSA_RRAO_MEASURES,PRODUCT_CATEGORY_ATTRIBUTES_KEY,44,,YES,NUMBER,,,38,10,0,,,,,,,,,,,,,,,,,,,,,NO,NO,,,,,,,,,,
DVLP_RAPTOR_NEWADJ,FACT,FRTBSA_RRAO_MEASURES,TRADE_SOURCE_SYSTEM_CODE,45,,YES,TEXT,2,8,,,,,,,,,,,,en-ci,,,,,,,,,,,,NO,NO,,,,,,,,,,
DVLP_RAPTOR_NEWADJ,FACT,FRTBSA_RRAO_MEASURES,COMMON_INSTRUMENT_KEY,46,,YES,NUMBER,,,38,10,0,,,,,,,,,,,,,,,,,,,,,NO,NO,,,,,,,,,,
DVLP_RAPTOR_NEWADJ,FACT,FRTBSA_RRAO_MEASURES,COMMON_INSTRUMENT_FCD_KEY,47,,YES,NUMBER,,,38,10,0,,,,,,,,,,,,,,,,,,,,,NO,NO,,,,,,,,,,
DVLP_RAPTOR_NEWADJ,FACT,FRTBSA_RRAO_MEASURES,CURRENCY_PAIR_KEY,48,,YES,NUMBER,,,19,10,0,,,,,,,,,,,,,,,,,,,,,NO,NO,,,,,,,,,,
DVLP_RAPTOR_NEWADJ,FACT,FRTBSA_RRAO_MEASURES,MEASURE_TYPE_KEY,49,,YES,NUMBER,,,38,10,0,,,,,,,,,,,,,,,,,,,,,NO,NO,,,,,,,,,,
DVLP_RAPTOR_NEWADJ,FACT,FRTBSA_RRAO_MEASURES,INSTRUMENT_NAME,50,,YES,TEXT,100,400,,,,,,,,,,,,en-ci,,,,,,,,,,,,NO,NO,,,,,,,,,,
DVLP_RAPTOR_NEWADJ,FACT,FRTBSA_RRAO_MEASURES,RAPTOR_LOGIC_TEMPLATE_KEY,51,,YES,NUMBER,,,1,10,0,,,,,,,,,,,,,,,,,,,,,NO,NO,,,,,,,,,,
DVLP_RAPTOR_NEWADJ,FACT,FRTBSA_RRAO_MEASURES,IS_BELOW_THE_LINE_TYPOLOGY,52,,YES,BOOLEAN,,,,,,,,,,,,,,,,,,,,,,,,,,NO,NO,,,,,,,,,,
DVLP_RAPTOR_NEWADJ,FACT,FRTBSA_RRAO_MEASURES,IS_FRTB_STATUS_ACTIVE,53,,YES,BOOLEAN,,,,,,,,,,,,,,,,,,,,,,,,,,NO,NO,,,,,,,,,,
DVLP_RAPTOR_NEWADJ,FACT,FRTBSA_RRAO_MEASURES,LOAD_TIMESTAMP,54,,YES,TIMESTAMP_LTZ,,,,,,9,,,,,,,,,,,,,,,,,,,,NO,NO,,,,,,,,,,
DVLP_RAPTOR_NEWADJ,FACT,FRTBSA_SENSITIVITY_MEASURES,FRTBSA_SENSITIVITY_KEY,1,,YES,TEXT,32,128,,,,,,,,,,,,en-ci,,,,,,,,,,,,NO,NO,,,,,,,,,,
DVLP_RAPTOR_NEWADJ,FACT,FRTBSA_SENSITIVITY_MEASURES,COBID,2,,YES,NUMBER,,,38,10,0,,,,,,,,,,,,,,,,,,,,,NO,NO,,,,,,,,,,
DVLP_RAPTOR_NEWADJ,FACT,FRTBSA_SENSITIVITY_MEASURES,EVALUATION_DATE,3,,YES,DATE,,,,,,,,,,,,,,,,,,,,,,,,,,NO,NO,,,,,,,,,,
DVLP_RAPTOR_NEWADJ,FACT,FRTBSA_SENSITIVITY_MEASURES,SIMULATION_ID,4,,YES,TEXT,16777216,16777216,,,,,,,,,,,,en-ci,,,,,,,,,,,,NO,NO,,,,,,,,,,
DVLP_RAPTOR_NEWADJ,FACT,FRTBSA_SENSITIVITY_MEASURES,ORIGINAL_TRADE_ID,5,,YES,TEXT,16777216,16777216,,,,,,,,,,,,en-ci,,,,,,,,,,,,NO,NO,,,,,,,,,,
DVLP_RAPTOR_NEWADJ,FACT,FRTBSA_SENSITIVITY_MEASURES,RAPTOR_TRADE_CODE,6,,YES,TEXT,16777216,16777216,,,,,,,,,,,,en-ci,,,,,,,,,,,,NO,NO,,,,,,,,,,
DVLP_RAPTOR_NEWADJ,FACT,FRTBSA_SENSITIVITY_MEASURES,RAPTOR_TRADE_LOGIC,7,,YES,TEXT,16777216,16777216,,,,,,,,,,,,en-ci,,,,,,,,,,,,NO,NO,,,,,,,,,,
DVLP_RAPTOR_NEWADJ,FACT,FRTBSA_SENSITIVITY_MEASURES,TRADE_NAME,8,,YES,TEXT,16777216,16777216,,,,,,,,,,,,en-ci,,,,,,,,,,,,NO,NO,,,,,,,,,,
DVLP_RAPTOR_NEWADJ,FACT,FRTBSA_SENSITIVITY_MEASURES,BOOK_CODE,9,,YES,TEXT,16777216,16777216,,,,,,,,,,,,en-ci,,,,,,,,,,,,NO,NO,,,,,,,,,,
DVLP_RAPTOR_NEWADJ,FACT,FRTBSA_SENSITIVITY_MEASURES,ENTITY_CODE,10,,YES,TEXT,16777216,16777216,,,,,,,,,,,,en-ci,,,,,,,,,,,,NO,NO,,,,,,,,,,
DVLP_RAPTOR_NEWADJ,FACT,FRTBSA_SENSITIVITY_MEASURES,SIMULATION_NAME,11,,YES,TEXT,16777216,16777216,,,,,,,,,,,,en-ci,,,,,,,,,,,,NO,NO,,,,,,,,,,
DVLP_RAPTOR_NEWADJ,FACT,FRTBSA_SENSITIVITY_MEASURES,AMOUNT,12,,YES,NUMBER,,,38,10,10,,,,,,,,,,,,,,,,,,,,,NO,NO,,,,,,,,,,
DVLP_RAPTOR_NEWADJ,FACT,FRTBSA_SENSITIVITY_MEASURES,AMOUNT_IN_USD,13,,YES,NUMBER,,,38,10,10,,,,,,,,,,,,,,,,,,,,,NO,NO,,,,,,,,,,
DVLP_RAPTOR_NEWADJ,FACT,FRTBSA_SENSITIVITY_MEASURES,AMOUNT_ORIGINAL,14,,YES,NUMBER,,,38,10,10,,,,,,,,,,,,,,,,,,,,,NO,NO,,,,,,,,,,
DVLP_RAPTOR_NEWADJ,FACT,FRTBSA_SENSITIVITY_MEASURES,AMOUNT_IN_USD_ORIGINAL,15,,YES,NUMBER,,,38,10,10,,,,,,,,,,,,,,,,,,,,,NO,NO,,,,,,,,,,
DVLP_RAPTOR_NEWADJ,FACT,FRTBSA_SENSITIVITY_MEASURES,MEASURE_TYPE_CODE,16,,YES,TEXT,30,120,,,,,,,,,,,,,,,,,,,,,,,,NO,NO,,,,,,,,,,
DVLP_RAPTOR_NEWADJ,FACT,FRTBSA_SENSITIVITY_MEASURES,TENOR_CODE,17,,YES,TEXT,16777216,16777216,,,,,,,,,,,,en-ci,,,,,,,,,,,,NO,NO,,,,,,,,,,
DVLP_RAPTOR_NEWADJ,FACT,FRTBSA_SENSITIVITY_MEASURES,UNDERLYING_TENOR_CODE,18,,YES,TEXT,16777216,16777216,,,,,,,,,,,,en-ci,,,,,,,,,,,,NO,NO,,,,,,,,,,
DVLP_RAPTOR_NEWADJ,FACT,FRTBSA_SENSITIVITY_MEASURES,UNDERLYING,19,,YES,TEXT,16777216,16777216,,,,,,,,,,,,en-ci,,,,,,,,,,,,NO,NO,,,,,,,,,,
DVLP_RAPTOR_NEWADJ,FACT,FRTBSA_SENSITIVITY_MEASURES,CURRENCY_CODE,20,,YES,TEXT,16777216,16777216,,,,,,,,,,,,en-ci,,,,,,,,,,,,NO,NO,,,,,,,,,,
DVLP_RAPTOR_NEWADJ,FACT,FRTBSA_SENSITIVITY_MEASURES,CURRENCY_PAIR_CODE,21,,YES,TEXT,16777216,16777216,,,,,,,,,,,,en-ci,,,,,,,,,,,,NO,NO,,,,,,,,,,
DVLP_RAPTOR_NEWADJ,FACT,FRTBSA_SENSITIVITY_MEASURES,MUFG_ORGANIZATION_CODE,22,,YES,TEXT,16777216,16777216,,,,,,,,,,,,en-ci,,,,,,,,,,,,NO,NO,,,,,,,,,,
DVLP_RAPTOR_NEWADJ,FACT,FRTBSA_SENSITIVITY_MEASURES,MUFG_PRODUCT_CODE,23,,YES,TEXT,16777216,16777216,,,,,,,,,,,,en-ci,,,,,,,,,,,,NO,NO,,,,,,,,,,
DVLP_RAPTOR_NEWADJ,FACT,FRTBSA_SENSITIVITY_MEASURES,BUSINESS_PRODUCT_CODE1,24,,YES,TEXT,16777216,16777216,,,,,,,,,,,,en-ci,,,,,,,,,,,,NO,NO,,,,,,,,,,
DVLP_RAPTOR_NEWADJ,FACT,FRTBSA_SENSITIVITY_MEASURES,BUSINESS_PRODUCT_CODE2,25,,YES,TEXT,16777216,16777216,,,,,,,,,,,,en-ci,,,,,,,,,,,,NO,NO,,,,,,,,,,
DVLP_RAPTOR_NEWADJ,FACT,FRTBSA_SENSITIVITY_MEASURES,BUSINESS_PRODUCT_CODE3,26,,YES,TEXT,16777216,16777216,,,,,,,,,,,,en-ci,,,,,,,,,,,,NO,NO,,,,,,,,,,
DVLP_RAPTOR_NEWADJ,FACT,FRTBSA_SENSITIVITY_MEASURES,BUSINESS_PRODUCT_CODE4,27,,YES,TEXT,16777216,16777216,,,,,,,,,,,,en-ci,,,,,,,,,,,,NO,NO,,,,,,,,,,
DVLP_RAPTOR_NEWADJ,FACT,FRTBSA_SENSITIVITY_MEASURES,TRADING_DESK,28,,YES,TEXT,16777216,16777216,,,,,,,,,,,,en-ci,,,,,,,,,,,,NO,NO,,,,,,,,,,
DVLP_RAPTOR_NEWADJ,FACT,FRTBSA_SENSITIVITY_MEASURES,BT_TYPE,29,,YES,TEXT,16777216,16777216,,,,,,,,,,,,en-ci,,,,,,,,,,,,NO,NO,,,,,,,,,,
DVLP_RAPTOR_NEWADJ,FACT,FRTBSA_SENSITIVITY_MEASURES,CCY1,30,,YES,TEXT,16777216,16777216,,,,,,,,,,,,en-ci,,,,,,,,,,,,NO,NO,,,,,,,,,,
DVLP_RAPTOR_NEWADJ,FACT,FRTBSA_SENSITIVITY_MEASURES,CCY1_OFFSHORE_QUALIFIER,31,,YES,TEXT,16777216,16777216,,,,,,,,,,,,en-ci,,,,,,,,,,,,NO,NO,,,,,,,,,,
DVLP_RAPTOR_NEWADJ,FACT,FRTBSA_SENSITIVITY_MEASURES,CCY2,32,,YES,TEXT,16777216,16777216,,,,,,,,,,,,en-ci,,,,,,,,,,,,NO,NO,,,,,,,,,,
DVLP_RAPTOR_NEWADJ,FACT,FRTBSA_SENSITIVITY_MEASURES,CCY2_OFFSHORE_QUALIFIER,33,,YES,TEXT,16777216,16777216,,,,,,,,,,,,en-ci,,,,,,,,,,,,NO,NO,,,,,,,,,,
DVLP_RAPTOR_NEWADJ,FACT,FRTBSA_SENSITIVITY_MEASURES,CCY_AMT,34,,YES,TEXT,16777216,16777216,,,,,,,,,,,,en-ci,,,,,,,,,,,,NO,NO,,,,,,,,,,
DVLP_RAPTOR_NEWADJ,FACT,FRTBSA_SENSITIVITY_MEASURES,CCY_AMT_OFFSHORE_QUALIFIER,35,,YES,TEXT,16777216,16777216,,,,,,,,,,,,en-ci,,,,,,,,,,,,NO,NO,,,,,,,,,,
DVLP_RAPTOR_NEWADJ,FACT,FRTBSA_SENSITIVITY_MEASURES,RISK_CLASS,36,,YES,TEXT,16777216,16777216,,,,,,,,,,,,en-ci,,,,,,,,,,,,NO,NO,,,,,,,,,,
DVLP_RAPTOR_NEWADJ,FACT,FRTBSA_SENSITIVITY_MEASURES,SENSITIVITY_TYPE,37,,YES,TEXT,16777216,16777216,,,,,,,,,,,,en-ci,,,,,,,,,,,,NO,NO,,,,,,,,,,
DVLP_RAPTOR_NEWADJ,FACT,FRTBSA_SENSITIVITY_MEASURES,BUCKET,38,,YES,TEXT,16777216,16777216,,,,,,,,,,,,en-ci,,,,,,,,,,,,NO,NO,,,,,,,,,,
DVLP_RAPTOR_NEWADJ,FACT,FRTBSA_SENSITIVITY_MEASURES,CURVE_TYPE,39,,YES,TEXT,16777216,16777216,,,,,,,,,,,,en-ci,,,,,,,,,,,,NO,NO,,,,,,,,,,
DVLP_RAPTOR_NEWADJ,FACT,FRTBSA_SENSITIVITY_MEASURES,CURVE_CODE,40,,YES,TEXT,16777216,16777216,,,,,,,,,,,,en-ci,,,,,,,,,,,,NO,NO,,,,,,,,,,
DVLP_RAPTOR_NEWADJ,FACT,FRTBSA_SENSITIVITY_MEASURES,VERTEX,41,,YES,TEXT,16777216,16777216,,,,,,,,,,,,en-ci,,,,,,,,,,,,NO,NO,,,,,,,,,,
DVLP_RAPTOR_NEWADJ,FACT,FRTBSA_SENSITIVITY_MEASURES,MATURITY_OF_THE_OPTION,42,,YES,TEXT,16777216,16777216,,,,,,,,,,,,en-ci,,,,,,,,,,,,NO,NO,,,,,,,,,,
DVLP_RAPTOR_NEWADJ,FACT,FRTBSA_SENSITIVITY_MEASURES,VERTEX_UNDERLYING,43,,YES,TEXT,16777216,16777216,,,,,,,,,,,,en-ci,,,,,,,,,,,,NO,NO,,,,,,,,,,
DVLP_RAPTOR_NEWADJ,FACT,FRTBSA_SENSITIVITY_MEASURES,SABRE_SECURITY_CODE_TYPE,44,,YES,TEXT,16777216,16777216,,,,,,,,,,,,en-ci,,,,,,,,,,,,NO,NO,,,,,,,,,,
DVLP_RAPTOR_NEWADJ,FACT,FRTBSA_SENSITIVITY_MEASURES,SABRE_SECURITY_CODE,45,,YES,TEXT,16777216,16777216,,,,,,,,,,,,en-ci,,,,,,,,,,,,NO,NO,,,,,,,,,,
DVLP_RAPTOR_NEWADJ,FACT,FRTBSA_SENSITIVITY_MEASURES,SECURITY_CODE_TYPE,46,,YES,TEXT,16777216,16777216,,,,,,,,,,,,en-ci,,,,,,,,,,,,NO,NO,,,,,,,,,,
DVLP_RAPTOR_NEWADJ,FACT,FRTBSA_SENSITIVITY_MEASURES,SECURITY_CODE,47,,YES,TEXT,16777216,16777216,,,,,,,,,,,,en-ci,,,,,,,,,,,,NO,NO,,,,,,,,,,
DVLP_RAPTOR_NEWADJ,FACT,FRTBSA_SENSITIVITY_MEASURES,SECURITY_INFORMATION1,48,,YES,TEXT,16777216,16777216,,,,,,,,,,,,en-ci,,,,,,,,,,,,NO,NO,,,,,,,,,,
DVLP_RAPTOR_NEWADJ,FACT,FRTBSA_SENSITIVITY_MEASURES,SECURITY_INFORMATION2,49,,YES,TEXT,16777216,16777216,,,,,,,,,,,,en-ci,,,,,,,,,,,,NO,NO,,,,,,,,,,
DVLP_RAPTOR_NEWADJ,FACT,FRTBSA_SENSITIVITY_MEASURES,SECURITY_INFORMATION3,50,,YES,TEXT,16777216,16777216,,,,,,,,,,,,en-ci,,,,,,,,,,,,NO,NO,,,,,,,,,,
DVLP_RAPTOR_NEWADJ,FACT,FRTBSA_SENSITIVITY_MEASURES,ULTIMATE_PARENT,51,,YES,TEXT,16777216,16777216,,,,,,,,,,,,en-ci,,,,,,,,,,,,NO,NO,,,,,,,,,,
DVLP_RAPTOR_NEWADJ,FACT,FRTBSA_SENSITIVITY_MEASURES,ISSUER_CODE,52,,YES,TEXT,16777216,16777216,,,,,,,,,,,,en-ci,,,,,,,,,,,,NO,NO,,,,,,,,,,
DVLP_RAPTOR_NEWADJ,FACT,FRTBSA_SENSITIVITY_MEASURES,BOND_CDS,53,,YES,TEXT,16777216,16777216,,,,,,,,,,,,en-ci,,,,,,,,,,,,NO,NO,,,,,,,,,,
DVLP_RAPTOR_NEWADJ,FACT,FRTBSA_SENSITIVITY_MEASURES,TRANCHE,54,,YES,TEXT,16777216,16777216,,,,,,,,,,,,en-ci,,,,,,,,,,,,NO,NO,,,,,,,,,,
DVLP_RAPTOR_NEWADJ,FACT,FRTBSA_SENSITIVITY_MEASURES,SPOT_REPO,55,,YES,TEXT,16777216,16777216,,,,,,,,,,,,en-ci,,,,,,,,,,,,NO,NO,,,,,,,,,,
DVLP_RAPTOR_NEWADJ,FACT,FRTBSA_SENSITIVITY_MEASURES,CURVATURE_SCENARIO,56,,YES,TEXT,16777216,16777216,,,,,,,,,,,,en-ci,,,,,,,,,,,,NO,NO,,,,,,,,,,
DVLP_RAPTOR_NEWADJ,FACT,FRTBSA_SENSITIVITY_MEASURES,PV_SIMULATED,57,,YES,NUMBER,,,38,10,10,,,,,,,,,,,,,,,,,,,,,NO,NO,,,,,,,,,,
DVLP_RAPTOR_NEWADJ,FACT,FRTBSA_SENSITIVITY_MEASURES,PV_CURRENT,58,,YES,NUMBER,,,38,10,10,,,,,,,,,,,,,,,,,,,,,NO,NO,,,,,,,,,,
DVLP_RAPTOR_NEWADJ,FACT,FRTBSA_SENSITIVITY_MEASURES,DELTA_SUBTRACT,59,,YES,NUMBER,,,38,10,10,,,,,,,,,,,,,,,,,,,,,NO,NO,,,,,,,,,,
DVLP_RAPTOR_NEWADJ,FACT,FRTBSA_SENSITIVITY_MEASURES,REMARKS,60,,YES,TEXT,16777216,16777216,,,,,,,,,,,,en-ci,,,,,,,,,,,,NO,NO,,,,,,,,,,
DVLP_RAPTOR_NEWADJ,FACT,FRTBSA_SENSITIVITY_MEASURES,RATING,61,,YES,TEXT,16777216,16777216,,,,,,,,,,,,en-ci,,,,,,,,,,,,NO,NO,,,,,,,,,,
DVLP_RAPTOR_NEWADJ,FACT,FRTBSA_SENSITIVITY_MEASURES,SABRE_COUNTRY_CODE,62,,YES,TEXT,16777216,16777216,,,,,,,,,,,,en-ci,,,,,,,,,,,,NO,NO,,,,,,,,,,
DVLP_RAPTOR_NEWADJ,FACT,FRTBSA_SENSITIVITY_MEASURES,COUNTRY_CODE,63,,YES,TEXT,16777216,16777216,,,,,,,,,,,,en-ci,,,,,,,,,,,,NO,NO,,,,,,,,,,
DVLP_RAPTOR_NEWADJ,FACT,FRTBSA_SENSITIVITY_MEASURES,MARKET_CAP,64,,YES,TEXT,16777216,16777216,,,,,,,,,,,,en-ci,,,,,,,,,,,,NO,NO,,,,,,,,,,
DVLP_RAPTOR_NEWADJ,FACT,FRTBSA_SENSITIVITY_MEASURES,SECTOR_NAME,65,,YES,TEXT,16777216,16777216,,,,,,,,,,,,en-ci,,,,,,,,,,,,NO,NO,,,,,,,,,,
DVLP_RAPTOR_NEWADJ,FACT,FRTBSA_SENSITIVITY_MEASURES,SOURCE_SYSTEM,66,,YES,TEXT,16777216,16777216,,,,,,,,,,,,en-ci,,,,,,,,,,,,NO,NO,,,,,,,,,,
DVLP_RAPTOR_NEWADJ,FACT,FRTBSA_SENSITIVITY_MEASURES,SOURCE_SYSTEM_CODE,67,,YES,TEXT,2,8,,,,,,,,,,,,en-ci,,,,,,,,,,,,NO,NO,,,,,,,,,,
DVLP_RAPTOR_NEWADJ,FACT,FRTBSA_SENSITIVITY_MEASURES,LOAD_SET,68,,YES,TEXT,16777216,16777216,,,,,,,,,,,,en-ci,,,,,,,,,,,,NO,NO,,,,,,,,,,
DVLP_RAPTOR_NEWADJ,FACT,FRTBSA_SENSITIVITY_MEASURES,LOAD_SOURCE,69,,YES,TEXT,6,24,,,,,,,,,,,,en-ci,,,,,,,,,,,,NO,NO,,,,,,,,,,
DVLP_RAPTOR_NEWADJ,FACT,FRTBSA_SENSITIVITY_MEASURES,REGION_AREA_CODE,70,,YES,TEXT,16777216,16777216,,,,,,,,,,,,en-ci,,,,,,,,,,,,NO,NO,,,,,,,,,,
DVLP_RAPTOR_NEWADJ,FACT,FRTBSA_SENSITIVITY_MEASURES,REGION_DATA_SET_CODE,71,,YES,TEXT,8,32,,,,,,,,,,,,en-ci,,,,,,,,,,,,NO,NO,,,,,,,,,,
DVLP_RAPTOR_NEWADJ,FACT,FRTBSA_SENSITIVITY_MEASURES,GUARANTEED_TYPE,72,,YES,TEXT,16777216,16777216,,,,,,,,,,,,en-ci,,,,,,,,,,,,NO,NO,,,,,,,,,,
DVLP_RAPTOR_NEWADJ,FACT,FRTBSA_SENSITIVITY_MEASURES,CLIENT_CODE,73,,YES,TEXT,16777216,16777216,,,,,,,,,,,,en-ci,,,,,,,,,,,,NO,NO,,,,,,,,,,
DVLP_RAPTOR_NEWADJ,FACT,FRTBSA_SENSITIVITY_MEASURES,QUALIFIER,74,,YES,TEXT,16777216,16777216,,,,,,,,,,,,en-ci,,,,,,,,,,,,NO,NO,,,,,,,,,,
DVLP_RAPTOR_NEWADJ,FACT,FRTBSA_SENSITIVITY_MEASURES,CDS_CURRENCY,75,,YES,TEXT,16777216,16777216,,,,,,,,,,,,en-ci,,,,,,,,,,,,NO,NO,,,,,,,,,,
DVLP_RAPTOR_NEWADJ,FACT,FRTBSA_SENSITIVITY_MEASURES,SENIORITY,76,,YES,TEXT,16777216,16777216,,,,,,,,,,,,en-ci,,,,,,,,,,,,NO,NO,,,,,,,,,,
DVLP_RAPTOR_NEWADJ,FACT,FRTBSA_SENSITIVITY_MEASURES,REGULATOR_BUCKET,77,,YES,TEXT,16777216,16777216,,,,,,,,,,,,en-ci,,,,,,,,,,,,NO,NO,,,,,,,,,,
DVLP_RAPTOR_NEWADJ,FACT,FRTBSA_SENSITIVITY_MEASURES,REGULATOR_BUCKET_NAME,78,,YES,TEXT,16777216,16777216,,,,,,,,,,,,en-ci,,,,,,,,,,,,NO,NO,,,,,,,,,,
DVLP_RAPTOR_NEWADJ,FACT,FRTBSA_SENSITIVITY_MEASURES,EBA_BUCKET,79,,YES,TEXT,16777216,16777216,,,,,,,,,,,,en-ci,,,,,,,,,,,,NO,NO,,,,,,,,,,
DVLP_RAPTOR_NEWADJ,FACT,FRTBSA_SENSITIVITY_MEASURES,EBA_BUCKET_NAME,80,,YES,TEXT,16777216,16777216,,,,,,,,,,,,en-ci,,,,,,,,,,,,NO,NO,,,,,,,,,,
DVLP_RAPTOR_NEWADJ,FACT,FRTBSA_SENSITIVITY_MEASURES,PRA_BUCKET,81,,YES,TEXT,16777216,16777216,,,,,,,,,,,,en-ci,,,,,,,,,,,,NO,NO,,,,,,,,,,
DVLP_RAPTOR_NEWADJ,FACT,FRTBSA_SENSITIVITY_MEASURES,PRA_BUCKET_NAME,82,,YES,TEXT,16777216,16777216,,,,,,,,,,,,en-ci,,,,,,,,,,,,NO,NO,,,,,,,,,,
DVLP_RAPTOR_NEWADJ,FACT,FRTBSA_SENSITIVITY_MEASURES,FED_BUCKET,83,,YES,TEXT,16777216,16777216,,,,,,,,,,,,en-ci,,,,,,,,,,,,NO,NO,,,,,,,,,,
DVLP_RAPTOR_NEWADJ,FACT,FRTBSA_SENSITIVITY_MEASURES,FED_BUCKET_NAME,84,,YES,TEXT,16777216,16777216,,,,,,,,,,,,en-ci,,,,,,,,,,,,NO,NO,,,,,,,,,,
DVLP_RAPTOR_NEWADJ,FACT,FRTBSA_SENSITIVITY_MEASURES,RAVEN_DATASET_NAME,85,,YES,TEXT,500,2000,,,,,,,,,,,,en-ci,,,,,,,,,,,,NO,NO,,,,,,,,,,
DVLP_RAPTOR_NEWADJ,FACT,FRTBSA_SENSITIVITY_MEASURES,IS_OFFICIAL_SOURCE,86,,YES,BOOLEAN,,,,,,,,,,,,,,,,,,,,,,,,,,NO,NO,,,,,,,,,,
DVLP_RAPTOR_NEWADJ,FACT,FRTBSA_SENSITIVITY_MEASURES,BOOK_KEY,87,,YES,NUMBER,,,38,10,0,,,,,,,,,,,,,,,,,,,,,NO,NO,,,,,,,,,,
DVLP_RAPTOR_NEWADJ,FACT,FRTBSA_SENSITIVITY_MEASURES,TRADE_KEY,88,,YES,NUMBER,,,38,10,0,,,,,,,,,,,,,,,,,,,,,NO,NO,,,,,,,,,,
DVLP_RAPTOR_NEWADJ,FACT,FRTBSA_SENSITIVITY_MEASURES,PRODUCT_CATEGORY_ATTRIBUTES_KEY,89,,YES,NUMBER,,,38,10,0,,,,,,,,,,,,,,,,,,,,,NO,NO,,,,,,,,,,
DVLP_RAPTOR_NEWADJ,FACT,FRTBSA_SENSITIVITY_MEASURES,TRADE_SOURCE_SYSTEM_CODE,90,,YES,TEXT,2,8,,,,,,,,,,,,en-ci,,,,,,,,,,,,NO,NO,,,,,,,,,,
DVLP_RAPTOR_NEWADJ,FACT,FRTBSA_SENSITIVITY_MEASURES,COMMON_INSTRUMENT_KEY,91,,YES,NUMBER,,,38,10,0,,,,,,,,,,,,,,,,,,,,,NO,NO,,,,,,,,,,
DVLP_RAPTOR_NEWADJ,FACT,FRTBSA_SENSITIVITY_MEASURES,COMMON_INSTRUMENT_FCD_KEY,92,,YES,NUMBER,,,38,10,0,,,,,,,,,,,,,,,,,,,,,NO,NO,,,,,,,,,,
DVLP_RAPTOR_NEWADJ,FACT,FRTBSA_SENSITIVITY_MEASURES,CURRENCY_PAIR_KEY,93,,YES,NUMBER,,,19,10,0,,,,,,,,,,,,,,,,,,,,,NO,NO,,,,,,,,,,
DVLP_RAPTOR_NEWADJ,FACT,FRTBSA_SENSITIVITY_MEASURES,MEASURE_TYPE_KEY,94,,YES,NUMBER,,,38,10,0,,,,,,,,,,,,,,,,,,,,,NO,NO,,,,,,,,,,
DVLP_RAPTOR_NEWADJ,FACT,FRTBSA_SENSITIVITY_MEASURES,TENOR_CURRENCY_KEY,95,,YES,NUMBER,,,19,10,0,,,,,,,,,,,,,,,,,,,,,NO,NO,,,,,,,,,,
DVLP_RAPTOR_NEWADJ,FACT,FRTBSA_SENSITIVITY_MEASURES,CURVE_CURRENCY_KEY,96,,YES,NUMBER,,,19,10,0,,,,,,,,,,,,,,,,,,,,,NO,NO,,,,,,,,,,
DVLP_RAPTOR_NEWADJ,FACT,FRTBSA_SENSITIVITY_MEASURES,FRTB_INSTRUMENT_KEY,97,,YES,NUMBER,,,19,10,0,,,,,,,,,,,,,,,,,,,,,NO,NO,,,,,,,,,,
DVLP_RAPTOR_NEWADJ,FACT,FRTBSA_SENSITIVITY_MEASURES,INSTRUMENT_CODE,98,,YES,TEXT,100,400,,,,,,,,,,,,en-ci,,,,,,,,,,,,NO,NO,,,,,,,,,,
DVLP_RAPTOR_NEWADJ,FACT,FRTBSA_SENSITIVITY_MEASURES,RAPTOR_LOGIC_TEMPLATE_KEY,99,,YES,NUMBER,,,1,10,0,,,,,,,,,,,,,,,,,,,,,NO,NO,,,,,,,,,,
DVLP_RAPTOR_NEWADJ,FACT,FRTBSA_SENSITIVITY_MEASURES,MUREX_INSTRUMENT,100,,YES,TEXT,16777216,16777216,,,,,,,,,,,,en-ci,,,,,,,,,,,,NO,NO,,,,,,,,,,
DVLP_RAPTOR_NEWADJ,FACT,FRTBSA_SENSITIVITY_MEASURES,MUREX_VERSION,101,,YES,TEXT,10,40,,,,,,,,,,,,en-ci,,,,,,,,,,,,NO,NO,,,,,,,,,,
DVLP_RAPTOR_NEWADJ,FACT,FRTBSA_SENSITIVITY_MEASURES,TRADE_TYPOLOGY,102,,YES,TEXT,16777216,16777216,,,,,,,,,,,,en-ci,,,,,,,,,,,,NO,NO,,,,,,,,,,
DVLP_RAPTOR_NEWADJ,FACT,FRTBSA_SENSITIVITY_MEASURES,IS_BELOW_THE_LINE_TYPOLOGY,103,,YES,BOOLEAN,,,,,,,,,,,,,,,,,,,,,,,,,,NO,NO,,,,,,,,,,
DVLP_RAPTOR_NEWADJ,FACT,FRTBSA_SENSITIVITY_MEASURES,IS_FRTB_STATUS_ACTIVE,104,,YES,BOOLEAN,,,,,,,,,,,,,,,,,,,,,,,,,,NO,NO,,,,,,,,,,
DVLP_RAPTOR_NEWADJ,FACT,FRTBSA_SENSITIVITY_MEASURES,IS_CVA_MEASURE_TYPE,105,,YES,BOOLEAN,,,,,,,,,,,,,,,,,,,,,,,,,,NO,NO,,,,,,,,,,
DVLP_RAPTOR_NEWADJ,FACT,FRTBSA_SENSITIVITY_MEASURES,IS_DUPLICATE_MEASURE_TYPE,106,,YES,BOOLEAN,,,,,,,,,,,,,,,,,,,,,,,,,,NO,NO,,,,,,,,,,
DVLP_RAPTOR_NEWADJ,FACT,FRTBSA_SENSITIVITY_MEASURES,LOAD_TIMESTAMP,107,,YES,TIMESTAMP_LTZ,,,,,,9,,,,,,,,,,,,,,,,,,,,NO,NO,,,,,,,,,,
DVLP_RAPTOR_NEWADJ,FACT,FRTBSA_SENSITIVITY_MEASURES,ENTITY_CODE_SABRE,108,,YES,TEXT,16777216,16777216,,,,,,,,,,,,en-ci,,,,,,,,,,,,NO,NO,,,,,,,,,,
DVLP_RAPTOR_NEWADJ,FACT,FRTBSA_SENSITIVITY_MEASURES,BOOK_CODE_SABRE,109,,YES,TEXT,16777216,16777216,,,,,,,,,,,,en-ci,,,,,,,,,,,,NO,NO,,,,,,,,,,
DVLP_RAPTOR_NEWADJ,FACT,FRTBSA_SENSITIVITY_MEASURES,GUARANTEED_ENTITY,110,,YES,TEXT,16777216,16777216,,,,,,,,,,,,en-ci,,,,,,,,,,,,NO,NO,,,,,,,,,,
DVLP_RAPTOR_NEWADJ,FACT,FRTBSA_SENSITIVITY_MEASURES,IS_CVA_COUNTERPARTY,111,,YES,BOOLEAN,,,,,,,,,,,,,,,,,,,,,,,,,,NO,NO,,,,,,,,,,
DVLP_RAPTOR_NEWADJ,FACT,SENSITIVITY_MEASURES,COBID,1,,YES,NUMBER,,,38,10,0,,,,,,,,,,,,,,,,,,,,,NO,NO,,,,,,,,,,
DVLP_RAPTOR_NEWADJ,FACT,SENSITIVITY_MEASURES,ENTITY_KEY,2,,YES,NUMBER,,,38,10,0,,,,,,,,,,,,,,,,,,,,,NO,NO,,,,,,,,,,
DVLP_RAPTOR_NEWADJ,FACT,SENSITIVITY_MEASURES,SOURCE_SYSTEM_CODE,3,,YES,TEXT,2,8,,,,,,,,,,,,en-ci,,,,,,,,,,,,NO,NO,,,,,,,,,,
DVLP_RAPTOR_NEWADJ,FACT,SENSITIVITY_MEASURES,TRADE_KEY,4,,YES,NUMBER,,,38,10,0,,,,,,,,,,,,,,,,,,,,,NO,NO,,,,,,,,,,
DVLP_RAPTOR_NEWADJ,FACT,SENSITIVITY_MEASURES,BOOK_KEY,5,,YES,NUMBER,,,38,10,0,,,,,,,,,,,,,,,,,,,,,NO,NO,,,,,,,,,,
DVLP_RAPTOR_NEWADJ,FACT,SENSITIVITY_MEASURES,TENOR_CURRENCY_KEY,6,,YES,NUMBER,,,38,10,0,,,,,,,,,,,,,,,,,,,,,NO,NO,,,,,,,,,,
DVLP_RAPTOR_NEWADJ,FACT,SENSITIVITY_MEASURES,UNDERLYING_TENOR_CURRENCY_KEY,7,,YES,NUMBER,,,38,10,0,,,,,,,,,,,,,,,,,,,,,NO,NO,,,,,,,,,,
DVLP_RAPTOR_NEWADJ,FACT,SENSITIVITY_MEASURES,CURRENCY_CODE,8,,YES,TEXT,3,12,,,,,,,,,,,,en-ci,,,,,,,,,,,,NO,NO,,,,,,,,,,
DVLP_RAPTOR_NEWADJ,FACT,SENSITIVITY_MEASURES,CURVE_CURRENCY_KEY,9,,YES,NUMBER,,,38,10,0,,,,,,,,,,,,,,,,,,,,,NO,NO,,,,,,,,,,
DVLP_RAPTOR_NEWADJ,FACT,SENSITIVITY_MEASURES,COUNTERPARTY_KEY,10,,YES,NUMBER,,,38,10,0,,,,,,,,,,,,,,,,,,,,,NO,NO,,,,,,,,,,
DVLP_RAPTOR_NEWADJ,FACT,SENSITIVITY_MEASURES,MEASURE_TYPE_KEY,11,,YES,NUMBER,,,38,10,0,,,,,,,,,,,,,,,,,,,,,NO,NO,,,,,,,,,,
DVLP_RAPTOR_NEWADJ,FACT,SENSITIVITY_MEASURES,MEASURE_VALUE,12,,YES,NUMBER,,,24,10,6,,,,,,,,,,,,,,,,,,,,,NO,NO,,,,,,,,,,
DVLP_RAPTOR_NEWADJ,FACT,SENSITIVITY_MEASURES,MEASURE_VALUE_USD,13,,YES,NUMBER,,,24,10,6,,,,,,,,,,,,,,,,,,,,,NO,NO,,,,,,,,,,
DVLP_RAPTOR_NEWADJ,FACT,SENSITIVITY_MEASURES,COMMON_INSTRUMENT_KEY,14,,YES,NUMBER,,,38,10,0,,,,,,,,,,,,,,,,,,,,,NO,NO,,,,,,,,,,
DVLP_RAPTOR_NEWADJ,FACT,SENSITIVITY_MEASURES,COMMON_INSTRUMENT_FCD_KEY,15,,YES,NUMBER,,,38,10,0,,,,,,,,,,,,,,,,,,,,,NO,NO,,,,,,,,,,
DVLP_RAPTOR_NEWADJ,FACT,SENSITIVITY_MEASURES,CURRENCY_PAIR_KEY,16,,YES,NUMBER,,,38,10,0,,,,,,,,,,,,,,,,,,,,,NO,NO,,,,,,,,,,
DVLP_RAPTOR_NEWADJ,FACT,SENSITIVITY_MEASURES,SKEW_KEY,17,,YES,NUMBER,,,38,10,0,,,,,,,,,,,,,,,,,,,,,NO,NO,,,,,,,,,,
DVLP_RAPTOR_NEWADJ,FACT,SENSITIVITY_MEASURES,IS_OFFICIAL_SOURCE,18,,YES,BOOLEAN,,,,,,,,,,,,,,,,,,,,,,,,,,NO,NO,,,,,,,,,,
DVLP_RAPTOR_NEWADJ,FACT,SENSITIVITY_MEASURES,CORRELATION_KEY,19,,YES,NUMBER,,,38,10,0,,,,,,,,,,,,,,,,,,,,,NO,NO,,,,,,,,,,
DVLP_RAPTOR_NEWADJ,FACT,SENSITIVITY_MEASURES,RAPTOR_LOGIC_TEMPLATE_KEY,20,,YES,NUMBER,,,38,10,0,,,,,,,,,,,,,,,,,,,,,NO,NO,,,,,,,,,,
DVLP_RAPTOR_NEWADJ,FACT,SENSITIVITY_MEASURES,RUN_LOG_ID,21,,YES,NUMBER,,,38,10,0,,,,,,,,,,,,,,,,,,,,,NO,NO,,,,,,,,,,
DVLP_RAPTOR_NEWADJ,FACT,SENSITIVITY_MEASURES,REGION_AREA_KEY,22,,YES,NUMBER,,,38,10,0,,,,,,,,,,,,,,,,,,,,,NO,NO,,,,,,,,,,
DVLP_RAPTOR_NEWADJ,FACT,SENSITIVITY_MEASURES,PRODUCT_CATEGORY_ATTRIBUTES_KEY,23,,YES,NUMBER,,,38,10,0,,,,,,,,,,,,,,,,,,,,,NO,NO,,,,,,,,,,
DVLP_RAPTOR_NEWADJ,FACT,SENSITIVITY_MEASURES,RAVEN_FILENAME,24,,YES,TEXT,16777216,16777216,,,,,,,,,,,,en-ci,,,,,,,,,,,,NO,NO,,,,,,,,,,
DVLP_RAPTOR_NEWADJ,FACT,SENSITIVITY_MEASURES,RAVEN_FILE_ROW_NUMBER,25,,YES,NUMBER,,,38,10,0,,,,,,,,,,,,,,,,,,,,,NO,NO,,,,,,,,,,
DVLP_RAPTOR_NEWADJ,FACT,SENSITIVITY_MEASURES,BASE_SPREAD_BAND_KEY,26,,YES,NUMBER,,,10,10,0,,,,,,,,,,,,,,,,,,,,,NO,NO,,,,,,,,,,
DVLP_RAPTOR_NEWADJ,FACT,SENSITIVITY_MEASURES,BASE_BETA_BAND_KEY,27,,YES,NUMBER,,,10,10,0,,,,,,,,,,,,,,,,,,,,,NO,NO,,,,,,,,,,
DVLP_RAPTOR_NEWADJ,FACT,SENSITIVITY_MEASURES,TRADE_INDEX_KEY,28,,YES,NUMBER,,,38,10,0,,,,,,,,,,,,,,,,,,,,,NO,NO,,,,,,,,,,
DVLP_RAPTOR_NEWADJ,FACT,SENSITIVITY_MEASURES,LOAD_TEMPLATE_ID,29,,YES,NUMBER,,,38,10,0,,,,,,,,,,,,,,,,,,,,,NO,NO,,,,,,,,,,
DVLP_RAPTOR_NEWADJ,FACT,STRESS_MEASURES,COBID,1,,NO,NUMBER,,,38,10,0,,,,,,,,,,,,,,,,,,,,,NO,NO,,,,,,,,,,
DVLP_RAPTOR_NEWADJ,FACT,STRESS_MEASURES,REGION_AREA_KEY,2,,NO,NUMBER,,,38,10,0,,,,,,,,,,,,,,,,,,,,,NO,NO,,,,,,,,,,
DVLP_RAPTOR_NEWADJ,FACT,STRESS_MEASURES,ENTITY_KEY,3,,YES,NUMBER,,,38,10,0,,,,,,,,,,,,,,,,,,,,,NO,NO,,,,,,,,,,
DVLP_RAPTOR_NEWADJ,FACT,STRESS_MEASURES,BOOK_KEY,4,,NO,NUMBER,,,38,10,0,,,,,,,,,,,,,,,,,,,,,NO,NO,,,,,,,,,,
DVLP_RAPTOR_NEWADJ,FACT,STRESS_MEASURES,TRADE_KEY,5,,NO,NUMBER,,,38,10,0,,,,,,,,,,,,,,,,,,,,,NO,NO,,,,,,,,,,
DVLP_RAPTOR_NEWADJ,FACT,STRESS_MEASURES,TRADE_CURRENCY,6,,NO,TEXT,3,12,,,,,,,,,,,,en-ci,,,,,,,,,,,,NO,NO,,,,,,,,,,
DVLP_RAPTOR_NEWADJ,FACT,STRESS_MEASURES,COMMON_INSTRUMENT_KEY,7,,NO,NUMBER,,,38,10,0,,,,,,,,,,,,,,,,,,,,,NO,NO,,,,,,,,,,
DVLP_RAPTOR_NEWADJ,FACT,STRESS_MEASURES,COMMON_INSTRUMENT_FCD_KEY,8,,NO,NUMBER,,,38,10,0,,,,,,,,,,,,,,,,,,,,,NO,NO,,,,,,,,,,
DVLP_RAPTOR_NEWADJ,FACT,STRESS_MEASURES,COUNTERPARTY_KEY,9,,NO,NUMBER,,,38,10,0,,,,,,,,,,,,,,,,,,,,,NO,NO,,,,,,,,,,
DVLP_RAPTOR_NEWADJ,FACT,STRESS_MEASURES,PRODUCT_CATEGORY_ATTRIBUTES_KEY,10,,NO,NUMBER,,,38,10,0,,,,,,,,,,,,,,,,,,,,,NO,NO,,,,,,,,,,
DVLP_RAPTOR_NEWADJ,FACT,STRESS_MEASURES,IS_OFFICIAL_SOURCE,11,,NO,BOOLEAN,,,,,,,,,,,,,,,,,,,,,,,,,,NO,NO,,,,,,,,,,
DVLP_RAPTOR_NEWADJ,FACT,STRESS_MEASURES,SOURCE_SYSTEM_CODE,12,,NO,TEXT,2,8,,,,,,,,,,,,en-ci,,,,,,,,,,,,NO,NO,,,,,,,,,,
DVLP_RAPTOR_NEWADJ,FACT,STRESS_MEASURES,STRESS_SIMULATION_KEY,13,,NO,NUMBER,,,38,10,0,,,,,,,,,,,,,,,,,,,,,NO,NO,,,,,,,,,,
DVLP_RAPTOR_NEWADJ,FACT,STRESS_MEASURES,SIMULATION_PL_IN_USD,14,,YES,NUMBER,,,38,10,6,,,,,,,,,,,,,,,,,,,,,NO,NO,,,,,,,,,,
DVLP_RAPTOR_NEWADJ,FACT,STRESS_MEASURES,STRESS_LOAD_TYPE,15,,YES,TEXT,10,40,,,,,,,,,,,,en-ci,,,,,,,,,,,,NO,NO,,,,,,,,,,
DVLP_RAPTOR_NEWADJ,FACT,STRESS_MEASURES,RUN_LOG_ID,16,,YES,NUMBER,,,38,10,0,,,,,,,,,,,,,,,,,,,,,NO,NO,,,,,,,,,,
DVLP_RAPTOR_NEWADJ,FACT,STRESS_MEASURES,STAGING_SOURCE_SYSTEM_CODE,17,,YES,TEXT,2,8,,,,,,,,,,,,en-ci,,,,,,,,,,,,NO,NO,,,,,,,,,,
DVLP_RAPTOR_NEWADJ,FACT,STRESS_MEASURES,STRESS_PROPERTIES_ID,18,,YES,NUMBER,,,38,10,0,,,,,,,,,,,,,,,,,,,,,NO,NO,,,,,,,,,,
DVLP_RAPTOR_NEWADJ,FACT,VAR_MEASURES,COBID,1,,NO,NUMBER,,,38,10,0,,,,,,,,,,,,,,,,,,,,,NO,NO,,,,,,,,,,
DVLP_RAPTOR_NEWADJ,FACT,VAR_MEASURES,VAR_SUBCOMPONENT_ID,2,,NO,NUMBER,,,38,10,0,,,,,,,,,,,,,,,,,,,,,NO,NO,,,,,,,,,,
DVLP_RAPTOR_NEWADJ,FACT,VAR_MEASURES,BOOK_KEY,3,,NO,NUMBER,,,38,10,0,,,,,,,,,,,,,,,,,,,,,NO,NO,,,,,,,,,,
DVLP_RAPTOR_NEWADJ,FACT,VAR_MEASURES,TRADE_KEY,4,,NO,NUMBER,,,38,10,0,,,,,,,,,,,,,,,,,,,,,NO,NO,,,,,,,,,,
DVLP_RAPTOR_NEWADJ,FACT,VAR_MEASURES,CURRENCY_CODE,5,,NO,TEXT,3,12,,,,,,,,,,,,en-ci,,,,,,,,,,,,NO,NO,,,,,,,,,,
DVLP_RAPTOR_NEWADJ,FACT,VAR_MEASURES,SOURCE_SYSTEM_CODE,6,,NO,TEXT,2,8,,,,,,,,,,,,en-ci,,,,,,,,,,,,NO,NO,,,,,,,,,,
DVLP_RAPTOR_NEWADJ,FACT,VAR_MEASURES,ENTITY_CODE,7,,YES,TEXT,10,40,,,,,,,,,,,,en-ci,,,,,,,,,,,,NO,NO,,,,,,,,,,
DVLP_RAPTOR_NEWADJ,FACT,VAR_MEASURES,PNL_VECTOR_PROPERTIES_ID,8,,NO,NUMBER,,,38,10,0,,,,,,,,,,,,,,,,,,,,,NO,NO,,,,,,,,,,
DVLP_RAPTOR_NEWADJ,FACT,VAR_MEASURES,INFLATION_INDEX_ID,9,,NO,NUMBER,,,38,10,0,,,,,,,,,,,,,,,,,,,,,NO,NO,,,,,,,,,,
DVLP_RAPTOR_NEWADJ,FACT,VAR_MEASURES,COMMON_INSTRUMENT_KEY,10,,NO,NUMBER,,,38,10,0,,,,,,,,,,,,,,,,,,,,,NO,NO,,,,,,,,,,
DVLP_RAPTOR_NEWADJ,FACT,VAR_MEASURES,UNDERLYING_COMMON_INSTRUMENT_KEY,11,,NO,NUMBER,,,38,10,0,,,,,,,,,,,,,,,,,,,,,NO,NO,,,,,,,,,,
DVLP_RAPTOR_NEWADJ,FACT,VAR_MEASURES,IS_OFFICIAL_SOURCE,12,,NO,BOOLEAN,,,,,,,,,,,,,,,,,,,,,,,,,,NO,NO,,,,,,,,,,
DVLP_RAPTOR_NEWADJ,FACT,VAR_MEASURES,REGION_AREA_KEY,13,,NO,NUMBER,,,38,10,0,,,,,,,,,,,,,,,,,,,,,NO,NO,,,,,,,,,,
DVLP_RAPTOR_NEWADJ,FACT,VAR_MEASURES,RUN_LOG_ID,14,,YES,NUMBER,,,38,10,0,,,,,,,,,,,,,,,,,,,,,NO,NO,,,,,,,,,,
DVLP_RAPTOR_NEWADJ,FACT,VAR_MEASURES,SCENARIO_DATE_ID,15,,NO,NUMBER,,,38,10,0,,,,,,,,,,,,,,,,,,,,,NO,NO,,,,,,,,,,
DVLP_RAPTOR_NEWADJ,FACT,VAR_MEASURES,PNL_VECTOR_VALUE_IN_USD,16,,YES,NUMBER,,,19,10,4,,,,,,,,,,,,,,,,,,,,,NO,NO,,,,,,,,,,
DVLP_RAPTOR_NEWADJ,FACT,VAR_MEASURES,COMMON_INSTRUMENT_FCD_KEY,17,,NO,NUMBER,,,38,10,0,,,,,,,,,,,,,,,,,,,,,NO,NO,,,,,,,,,,
DVLP_RAPTOR_NEWADJ,FACT,VAR_MEASURES,VAR_LOAD_TYPE,18,,YES,TEXT,10,40,,,,,,,,,,,,en-ci,,,,,,,,,,,,NO,NO,,,,,,,,,,
DVLP_RAPTOR_NEWADJ,FACT,VAR_MEASURES,COUNTERPARTY_KEY,19,,NO,NUMBER,,,38,10,0,,,,,,,,,,,,,,,,,,,,,NO,NO,,,,,,,,,,
