ID,COBID,ProcessType,AdjustmentType,SourceCOBID,EntityCode,SourceSystemCode,DepartmentCode,BookCode,CurrencyCode,TradeTypology,TradeCode,Strategy,ScaleFactor,TraderCode,VaRComponentId,VaRSubComponentId,GuaranteedEntity,RegionKey,ScenarioDateId,AdjustmentValueInUSD,ErrorMessage,ApprovalId,Reason,ActiveStatus,GlobalId,UserName,CreatedDate,ExtractDate,InstrumentCode,SimulationName,ProductCategoryAttributes,Simulation_Source,DayType,CurveCode,MeasureTypeCode,TenorCode,UnderlyingTenorCode
400308,20260327,Sensitivity,Flatten,,MUSI,MS,,,,FEXF,,,1.0,,,,,,,,,,Murex System Limitation | (Abdullah Alam);Flatten MUSI; Typology FEXF FxDeltaExp [Double Counting on PV] | Recurring,Stage,6E94E5AE-C8AA-4496-9FC5-A7B026ED012F,MUS-HK\N348805,2026-03-27 22:40:26.305,,,,,,,,FxDeltaExp,,
400309,20260327,Sensitivity,Flatten,,MUSI,MS,,,,FEXS,,,1.0,,,,,,,,,,Murex System Limitation | (Abdullah Alam);Flatten MUSI; Typology FEXS FxDeltaExp [Double Counting on PV] | Recurring,Stage,46030B01-8379-46F8-A4AA-3596B9DFDC5B,MUS-HK\N348805,2026-03-27 22:40:26.305,,,,,,,,FxDeltaExp,,
400310,20260327,Sensitivity,Flatten,,MUSI,MS,,,,FNDF,,,1.0,,,,,,,,,,Murex System Limitation | (Abdullah Alam);Flatten MUSI; Typology FNDF FxDeltaExp [Double Counting on PV] | Recurring,Stage,35A5AAF8-76B5-4892-A71F-4B7D63900602,MUS-HK\N348805,2026-03-27 22:40:26.305,,,,,,,,FxDeltaExp,,
400311,20260327,Sensitivity,Flatten,,MUSI,MS,,,,FEXP,,,1.0,,,,,,,,,,Murex System Limitation | (Abdullah Alam);Flatten MUSI; Typology FEXP FxDeltaExp [Double Counting on PV] | Recurring,Stage,65FF1AC9-65DE-4324-9A54-D0D772A022AB,MUS-HK\N348805,2026-03-27 22:40:26.305,,,,,,,,FxDeltaExp,,
400312,20260327,Stress,Flatten,,MUSI,QP,EFE,Book-GIX,,,,,1.0,,,,,,,,,,IT-Other | (Abdullah Alam);Flatten EFE; Book-GIX; stresses;[Decomposed Index Risk] | Recurring,Stage,A9DF503C-F7F3-4E5D-AA47-28B7C31DB1FD,MUS-HK\N348805,2026-03-27 22:58:58.997,,,,,,,,,,
400313,20260327,Stress,Flatten,,MUSUSA,QP,EFA,,,,,,1.0,,,,,,,,,,IT-Other | (Tony Cross);Flatten EFA;multiple scenarios;[wrong risk] | Recurring,Stage,108463A2-5B83-40BC-952F-D6CDAD8C1D20,MUS-HK\N348805,2026-03-28 02:38:36.745,,,MRM_GLB_Std_EQ_M_PriceDnVolUp,,,,,,,
400314,20260327,Stress,Flatten,,MUSUSA,QP,EFA,,,,,,1.0,,,,,,,,,,IT-Other | (Tony Cross);Flatten EFA;multiple scenarios;[wrong risk] | Recurring,Stage,052FE8A6-BB4D-448B-99CA-AF45013FF9A0,MUS-HK\N348805,2026-03-28 02:38:36.745,,,MRM_GLB_Std_EQ_M_PriceUpVolDn,,,,,,,
400315,20260327,Stress,Flatten,,MUSUSA,QP,EFA,,,,,,1.0,,,,,,,,,,IT-Other | (Tony Cross);Flatten EFA;multiple scenarios;[wrong risk] | Recurring,Stage,C5F12E4E-B852-4618-99D3-827C88AB2827,MUS-HK\N348805,2026-03-28 02:38:36.745,,,MRM_GLB_Std_EQ_P_Dn,,,,,,,
400316,20260327,Stress,Flatten,,MUSUSA,QP,EFA,,,,,,1.0,,,,,,,,,,IT-Other | (Tony Cross);Flatten EFA;multiple scenarios;[wrong risk] | Recurring,Stage,B4029148-28F4-459E-9077-647DB1E43B27,MUS-HK\N348805,2026-03-28 02:38:36.745,,,MRM_GLB_Std_EQ_P_Up,,,,,,,
400317,20260327,Stress,Flatten,,MUSUSA,QP,CTG,HLOP,,EQTT,,,1.0,,,,,,,,,,Model Limitation | (George Hansman);Flatten CTG EQTT;Bond ETF instrument;stress scenarios;[Risk wrongly calculated] | Recurring,Stage,FF7BB259-5B9D-484D-A880-96B651168A18,MUS-HK\N348805,2026-03-28 02:38:36.745,,US4642872422 US,MRM_GLB_Std_EQ_C_Gain,,,,,,,
400318,20260327,Stress,Flatten,,MUSUSA,QP,CTG,HLOP,,EQTT,,,1.0,,,,,,,,,,Model Limitation | (George Hansman);Flatten CTG EQTT;Bond ETF instrument;stress scenarios;[Risk wrongly calculated] | Recurring,Stage,251B7DCC-4D7B-450D-8894-AA45CC3D7396,MUS-HK\N348805,2026-03-28 02:38:36.745,,US4642872422 US,MRM_GLB_Std_EQ_C_Loss,,,,,,,
400319,20260327,Stress,Flatten,,MUSUSA,QP,CTG,HLOP,,EQTT,,,1.0,,,,,,,,,,Model Limitation | (George Hansman);Flatten CTG EQTT;Bond ETF instrument;stress scenarios;[Risk wrongly calculated] | Recurring,Stage,BE4D69F0-AC61-4A97-AE5E-F8513C74E7F7,MUS-HK\N348805,2026-03-28 02:38:36.745,,US4642872422 US,MRM_GLB_Std_EQ_M_PriceDnVolUp,,,,,,,
400320,20260327,Stress,Flatten,,MUSUSA,QP,CTG,HLOP,,EQTT,,,1.0,,,,,,,,,,Model Limitation | (George Hansman);Flatten CTG EQTT;Bond ETF instrument;stress scenarios;[Risk wrongly calculated] | Recurring,Stage,9D0D8E68-8E3F-4DCC-A633-C83FAF3EC425,MUS-HK\N348805,2026-03-28 02:38:36.745,,US4642872422 US,MRM_GLB_Std_EQ_M_PriceUpVolDn,,,,,,,
400321,20260327,Stress,Flatten,,MUSUSA,QP,CTG,HLOP,,EQTT,,,1.0,,,,,,,,,,Model Limitation | (George Hansman);Flatten CTG EQTT;Bond ETF instrument;stress scenarios;[Risk wrongly calculated] | Recurring,Stage,E32385CD-E6B2-4727-9630-7CB5C206EC57,MUS-HK\N348805,2026-03-28 02:38:36.745,,US4642872422 US,MRM_GLB_Std_EQ_P_Dn,,,,,,,
400322,20260327,Stress,Flatten,,MUSUSA,QP,CTG,HLOP,,EQTT,,,1.0,,,,,,,,,,Model Limitation | (George Hansman);Flatten CTG EQTT;Bond ETF instrument;stress scenarios;[Risk wrongly calculated] | Recurring,Stage,9E33EE34-2E53-4230-9354-17C229CD8E62,MUS-HK\N348805,2026-03-28 02:38:36.745,,US4642872422 US,MRM_GLB_Std_EQ_P_Up,,,,,,,
400323,20260327,Stress,Flatten,,MUSUSA,QP,CTG,HLOP,,EQTT,,,1.0,,,,,,,,,,Model Limitation | (George Hansman);Flatten CTG EQTT;Bond ETF instrument;stress scenarios;[Risk wrongly calculated] | Recurring,Stage,17B0FB32-0129-4ED2-A27E-009A7B2E1D2F,MUS-HK\N348805,2026-03-28 02:38:36.745,,US4642895118 US,MRM_GLB_Std_EQ_C_Gain,,,,,,,
400324,20260327,Stress,Flatten,,MUSUSA,QP,CTG,HLOP,,EQTT,,,1.0,,,,,,,,,,Model Limitation | (George Hansman);Flatten CTG EQTT;Bond ETF instrument;stress scenarios;[Risk wrongly calculated] | Recurring,Stage,143E5646-DEB0-4317-B51D-B275CFDEFEAC,MUS-HK\N348805,2026-03-28 02:38:36.745,,US4642895118 US,MRM_GLB_Std_EQ_C_Loss,,,,,,,
400325,20260327,Stress,Flatten,,MUSUSA,QP,CTG,HLOP,,EQTT,,,1.0,,,,,,,,,,Model Limitation | (George Hansman);Flatten CTG EQTT;Bond ETF instrument;stress scenarios;[Risk wrongly calculated] | Recurring,Stage,B0CC370C-138E-499A-AC41-161FDA212024,MUS-HK\N348805,2026-03-28 02:38:36.745,,US4642895118 US,MRM_GLB_Std_EQ_M_PriceDnVolUp,,,,,,,
400326,20260327,Stress,Flatten,,MUSUSA,QP,CTG,HLOP,,EQTT,,,1.0,,,,,,,,,,Model Limitation | (George Hansman);Flatten CTG EQTT;Bond ETF instrument;stress scenarios;[Risk wrongly calculated] | Recurring,Stage,80980142-78FA-4FFE-BCC5-5E14717D8A94,MUS-HK\N348805,2026-03-28 02:38:36.745,,US4642895118 US,MRM_GLB_Std_EQ_M_PriceUpVolDn,,,,,,,
400327,20260327,Stress,Flatten,,MUSUSA,QP,CTG,HLOP,,EQTT,,,1.0,,,,,,,,,,Model Limitation | (George Hansman);Flatten CTG EQTT;Bond ETF instrument;stress scenarios;[Risk wrongly calculated] | Recurring,Stage,DC329F03-4F8F-46D7-A49A-AFD4B71DC2F4,MUS-HK\N348805,2026-03-28 02:38:36.745,,US4642895118 US,MRM_GLB_Std_EQ_P_Dn,,,,,,,
400328,20260327,Stress,Flatten,,MUSUSA,QP,CTG,HLOP,,EQTT,,,1.0,,,,,,,,,,Model Limitation | (George Hansman);Flatten CTG EQTT;Bond ETF instrument;stress scenarios;[Risk wrongly calculated] | Recurring,Stage,0F828699-8888-46D3-B8B3-C9E4F99D5C5C,MUS-HK\N348805,2026-03-28 02:38:36.745,,US4642895118 US,MRM_GLB_Std_EQ_P_Up,,,,,,,
400329,20260327,Stress,Flatten,,MUSUSA,QP,CTG,HLOP,,EQTT,,,1.0,,,,,,,,,,Model Limitation | (George Hansman);Flatten CTG EQTT;Bond ETF instrument;stress scenarios;[Risk wrongly calculated] | Recurring,Stage,A5B3804F-AF96-4E09-9C7B-2581869D3C65,MUS-HK\N348805,2026-03-28 02:38:36.745,,US4642886380 US,MRM_GLB_Std_EQ_C_Gain,,,,,,,
400330,20260327,Stress,Flatten,,MUSUSA,QP,CTG,HLOP,,EQTT,,,1.0,,,,,,,,,,Model Limitation | (George Hansman);Flatten CTG EQTT;Bond ETF instrument;stress scenarios;[Risk wrongly calculated] | Recurring,Stage,C5F02516-F280-4C9B-B08D-1174C6036DF3,MUS-HK\N348805,2026-03-28 02:38:36.745,,US4642886380 US,MRM_GLB_Std_EQ_C_Loss,,,,,,,
400331,20260327,Stress,Flatten,,MUSUSA,QP,CTG,HLOP,,EQTT,,,1.0,,,,,,,,,,Model Limitation | (George Hansman);Flatten CTG EQTT;Bond ETF instrument;stress scenarios;[Risk wrongly calculated] | Recurring,Stage,250825C2-A4A4-4B94-9EAE-FAF571E2EF16,MUS-HK\N348805,2026-03-28 02:38:36.745,,US4642886380 US,MRM_GLB_Std_EQ_M_PriceDnVolUp,,,,,,,
400332,20260327,Stress,Flatten,,MUSUSA,QP,CTG,HLOP,,EQTT,,,1.0,,,,,,,,,,Model Limitation | (George Hansman);Flatten CTG EQTT;Bond ETF instrument;stress scenarios;[Risk wrongly calculated] | Recurring,Stage,9B6485BA-0C8C-49AC-A725-747884417BEF,MUS-HK\N348805,2026-03-28 02:38:36.745,,US4642886380 US,MRM_GLB_Std_EQ_M_PriceUpVolDn,,,,,,,
400333,20260327,Stress,Flatten,,MUSUSA,QP,CTG,HLOP,,EQTT,,,1.0,,,,,,,,,,Model Limitation | (George Hansman);Flatten CTG EQTT;Bond ETF instrument;stress scenarios;[Risk wrongly calculated] | Recurring,Stage,387EDFE5-63B2-402A-ADF6-61FC2C0F0BF8,MUS-HK\N348805,2026-03-28 02:38:36.745,,US4642886380 US,MRM_GLB_Std_EQ_P_Dn,,,,,,,
400334,20260327,Stress,Flatten,,MUSUSA,QP,CTG,HLOP,,EQTT,,,1.0,,,,,,,,,,Model Limitation | (George Hansman);Flatten CTG EQTT;Bond ETF instrument;stress scenarios;[Risk wrongly calculated] | Recurring,Stage,1C70A603-87CA-409C-A12F-A018B3D64ACC,MUS-HK\N348805,2026-03-28 02:38:36.745,,US4642886380 US,MRM_GLB_Std_EQ_P_Up,,,,,,,
400335,20260327,Stress,Flatten,,MUSUSA,QP,CTG,AAOP,,EQTT,,,1.0,,,,,,,,,,Model Limitation | (George Hansman);Flatten CTG EQTT;Bond ETF instrument;stress scenarios;[Risk wrongly calculated] | Recurring,Stage,8A94741B-1C35-410F-B3F7-B8206EE33C0A,MUS-HK\N348805,2026-03-28 02:38:36.745,,US4642872422 US,MRM_GLB_Std_EQ_M_PriceDnVolUp,,,,,,,
400336,20260327,Stress,Flatten,,MUSUSA,QP,CTG,AAOP,,EQTT,,,1.0,,,,,,,,,,Model Limitation | (George Hansman);Flatten CTG EQTT;Bond ETF instrument;stress scenarios;[Risk wrongly calculated] | Recurring,Stage,49A3E7E0-7E2F-4114-875F-7BA2E935A969,MUS-HK\N348805,2026-03-28 02:38:36.745,,US4642872422 US,MRM_GLB_Std_EQ_C_Gain,,,,,,,
400337,20260327,Stress,Flatten,,MUSUSA,QP,CTG,AAOP,,EQTT,,,1.0,,,,,,,,,,Model Limitation | (George Hansman);Flatten CTG EQTT;Bond ETF instrument;stress scenarios;[Risk wrongly calculated] | Recurring,Stage,CECEA82C-BD9B-4953-B27B-133D3D5E28D1,MUS-HK\N348805,2026-03-28 02:38:36.745,,US4642872422 US,MRM_GLB_Std_EQ_M_PriceUpVolDn,,,,,,,
400338,20260327,Stress,Flatten,,MUSUSA,QP,CTG,AAOP,,EQTT,,,1.0,,,,,,,,,,Model Limitation | (George Hansman);Flatten CTG EQTT;Bond ETF instrument;stress scenarios;[Risk wrongly calculated] | Recurring,Stage,0DD158B0-CFC5-4988-9542-3102690F78DD,MUS-HK\N348805,2026-03-28 02:38:36.745,,US4642872422 US,MRM_GLB_Std_EQ_P_Dn,,,,,,,
400339,20260327,Stress,Flatten,,MUSUSA,QP,CTG,AAOP,,EQTT,,,1.0,,,,,,,,,,Model Limitation | (George Hansman);Flatten CTG EQTT;Bond ETF instrument;stress scenarios;[Risk wrongly calculated] | Recurring,Stage,EC24C2CC-D816-4C3F-8DCD-96D85F080823,MUS-HK\N348805,2026-03-28 02:38:36.745,,US4642872422 US,MRM_GLB_Std_EQ_P_Up,,,,,,,
400340,20260327,Stress,Flatten,,MUSUSA,QP,CTG,RPOP,,EQTT,,,1.0,,,,,,,,,,Model Limitation | (George Hansman);Flatten CTG EQTT;Bond ETF instrument;stress scenarios;[Risk wrongly calculated] | Recurring,Stage,80755682-4869-4399-8A29-B3A7AA35577E,MUS-HK\N348805,2026-03-28 02:38:36.745,,US4642872422 US,MRM_GLB_Std_EQ_M_PriceDnVolUp,,,,,,,
400341,20260327,Stress,Flatten,,MUSUSA,QP,CTG,RPOP,,EQTT,,,1.0,,,,,,,,,,Model Limitation | (George Hansman);Flatten CTG EQTT;Bond ETF instrument;stress scenarios;[Risk wrongly calculated] | Recurring,Stage,B4596182-DB36-496B-AEDA-2A50C9511311,MUS-HK\N348805,2026-03-28 02:38:36.745,,US4642872422 US,MRM_GLB_Std_EQ_C_Gain,,,,,,,
400342,20260327,Stress,Flatten,,MUSUSA,QP,CTG,RPOP,,EQTT,,,1.0,,,,,,,,,,Model Limitation | (George Hansman);Flatten CTG EQTT;Bond ETF instrument;stress scenarios;[Risk wrongly calculated] | Recurring,Stage,8F3AB450-627B-446E-BD66-8B6CABD09108,MUS-HK\N348805,2026-03-28 02:38:36.745,,US4642872422 US,MRM_GLB_Std_EQ_M_PriceUpVolDn,,,,,,,
400343,20260327,Stress,Flatten,,MUSUSA,QP,CTG,RPOP,,EQTT,,,1.0,,,,,,,,,,Model Limitation | (George Hansman);Flatten CTG EQTT;Bond ETF instrument;stress scenarios;[Risk wrongly calculated] | Recurring,Stage,B7D28F7A-CA70-437D-90F7-79A730FAD4F3,MUS-HK\N348805,2026-03-28 02:38:36.745,,US4642872422 US,MRM_GLB_Std_EQ_P_Dn,,,,,,,
400344,20260327,Stress,Flatten,,MUSUSA,QP,CTG,RPOP,,EQTT,,,1.0,,,,,,,,,,Model Limitation | (George Hansman);Flatten CTG EQTT;Bond ETF instrument;stress scenarios;[Risk wrongly calculated] | Recurring,Stage,901EAB01-3008-4967-993A-F302B8C7EEFA,MUS-HK\N348805,2026-03-28 02:38:36.745,,US4642872422 US,MRM_GLB_Std_EQ_P_Up,,,,,,,
400345,20260327,Stress,Flatten,,MUSUSA,QP,CTG,RPOP,,EQTT,,,1.0,,,,,,,,,,Model Limitation | (George Hansman);Flatten CTG EQTT;Bond ETF instrument;stress scenarios;[Risk wrongly calculated] | Recurring,Stage,27B14919-73C3-44EF-8B14-972462ED351A,MUS-HK\N348805,2026-03-28 02:38:36.745,,US4642872422 US,MRM_GLB_Std_EQ_C_Loss,,,,,,,
400346,20260327,Stress,Flatten,,MUSUSA,QP,CTG,,,EQTT,,,1.0,,,,,,,,,,Model Limitation | (George Hansman);Flatten CTG EQTT;Bond ETF instrument;stress scenarios;[Risk wrongly calculated] | Recurring,Stage,7777D7AF-9ED3-4AD1-B84C-7395B44F542B,MUS-HK\N348805,2026-03-28 02:38:36.745,,US4642872422 US,,,,,,,,
400347,20260327,Stress,Flatten,,MUSUSA,QP,CTG,,,EQTT,,,1.0,,,,,,,,,,Model Limitation | (George Hansman);Flatten CTG EQTT;Bond ETF instrument;stress scenarios;[Risk wrongly calculated] | Recurring,Stage,032FAE61-0AEC-4CEB-AD2C-5163E17551F1,MUS-HK\N348805,2026-03-28 02:38:36.745,,US92206C8709 US,,,,,,,,
400348,20260327,Stress,Flatten,,MUSUSA,QP,CTG,AAOP,,EQTT,,,1.0,,,,,,,,,,Model Limitation | (George Hansman);Flatten CTG EQTT;Bond ETF instrument;stress scenarios;[Risk wrongly calculated] | Recurring,Stage,AAD2DAB5-5B0D-4DF5-81E3-045C3DE44845,MUS-HK\N348805,2026-03-28 02:38:36.745,,US4642872422 US,MRM_GLB_Std_EQ_C_Loss,,,,,,,
400349,20260327,Stress,Flatten,,MUSUSA,QP,CTG,,,EQTT,,,1.0,,,,,,,,,,Model Limitation | (George Hansman);Flatten CTG EQTT;Bond ETF instrument;stress scenarios;[Risk wrongly calculated] | Recurring,Stage,F4AF998B-46C9-45F3-9911-AADB897B7A53,MUS-HK\N348805,2026-03-28 02:38:36.745,,US4642872422 US,MRM_GLB_Std_EQ_C_Gain,,,,,,,
400350,20260327,Stress,Flatten,,MUSUSA,QP,CTG,,,EQTT,,,1.0,,,,,,,,,,Model Limitation | (George Hansman);Flatten CTG EQTT;Bond ETF instrument;stress scenarios;[Risk wrongly calculated] | Recurring,Stage,C814FB88-496B-4364-AA6F-859FA8573534,MUS-HK\N348805,2026-03-28 02:38:36.745,,US4642872422 US,MRM_GLB_Std_EQ_C_Loss,,,,,,,
400351,20260327,Stress,Flatten,,MUSUSA,QP,CTG,,,EQTT,,,1.0,,,,,,,,,,Model Limitation | (George Hansman);Flatten CTG EQTT;Bond ETF instrument;stress scenarios;[Risk wrongly calculated] | Recurring,Stage,18EA4B46-7444-4418-A132-1C2A3510CF68,MUS-HK\N348805,2026-03-28 02:38:36.745,,US4642872422 US,MRM_GLB_Std_EQ_M_PriceDnVolUp,,,,,,,
400352,20260327,Stress,Flatten,,MUSUSA,QP,CTG,,,EQTT,,,1.0,,,,,,,,,,Model Limitation | (George Hansman);Flatten CTG EQTT;Bond ETF instrument;stress scenarios;[Risk wrongly calculated] | Recurring,Stage,B32271D8-F6AB-4377-AF3D-1FCC793F0E6A,MUS-HK\N348805,2026-03-28 02:38:36.745,,US4642872422 US,MRM_GLB_Std_EQ_M_PriceUpVolDn,,,,,,,
400353,20260327,Stress,Flatten,,MUSUSA,QP,CTG,,,EQTT,,,1.0,,,,,,,,,,Model Limitation | (George Hansman);Flatten CTG EQTT;Bond ETF instrument;stress scenarios;[Risk wrongly calculated] | Recurring,Stage,81FA8EE8-8F19-4C93-8AA1-76C84896D047,MUS-HK\N348805,2026-03-28 02:38:36.745,,US4642872422 US,MRM_GLB_Std_EQ_P_Dn,,,,,,,
400354,20260327,Stress,Flatten,,MUSUSA,QP,CTG,,,EQTT,,,1.0,,,,,,,,,,Model Limitation | (George Hansman);Flatten CTG EQTT;Bond ETF instrument;stress scenarios;[Risk wrongly calculated] | Recurring,Stage,EFC21D7E-87B6-42B0-BF8C-E1E09DF921CF,MUS-HK\N348805,2026-03-28 02:38:36.745,,US4642872422 US,MRM_GLB_Std_EQ_P_Up,,,,,,,
400355,20260327,Sensitivity,Flatten,,MUSUSA,PP,RMB,,,,,,1.0,,,,,,,,,,IT-Other | (Tony Cross);Flatten MUSA RMB;RFR Basis;[wrong risk] | Recurring,Stage,F227B08B-CE57-4053-8A39-0D30561D5ADB,MUS-HK\N348805,2026-03-28 04:59:01.575,,,,,,,,RFR Basis,,
400356,20260327,Stress,Flatten,,MUSUSA,PP,EFA,,,,,,1.0,,,,,,,,,,IT-Other | (Tony Cross);Flatten EFA;multiple scenarios;[wrong risk] | Recurring,Stage,312FF40D-AA77-448B-BEBF-DD40AA61C9F6,MUS-HK\N348805,2026-03-28 05:38:28.888,,,MRM_GLB_Std_EQ_M_PriceDnVolUp,,,,,,,
400357,20260327,Stress,Flatten,,MUSUSA,PP,EFA,,,,,,1.0,,,,,,,,,,IT-Other | (Tony Cross);Flatten EFA;multiple scenarios;[wrong risk] | Recurring,Stage,5BD887AA-D96D-40BD-9E74-5BB9F0910990,MUS-HK\N348805,2026-03-28 05:38:28.888,,,MRM_GLB_Std_EQ_M_PriceUpVolDn,,,,,,,
400358,20260327,Stress,Flatten,,MUSUSA,PP,EFA,,,,,,1.0,,,,,,,,,,IT-Other | (Tony Cross);Flatten EFA;multiple scenarios;[wrong risk] | Recurring,Stage,4905F015-5E14-4BCE-8D83-E012FF2D2850,MUS-HK\N348805,2026-03-28 05:38:28.888,,,MRM_GLB_Std_EQ_P_Dn,,,,,,,
400359,20260327,Stress,Flatten,,MUSUSA,PP,EFA,,,,,,1.0,,,,,,,,,,IT-Other | (Tony Cross);Flatten EFA;multiple scenarios;[wrong risk] | Recurring,Stage,F707AF2E-696C-4975-9335-8E864F30C338,MUS-HK\N348805,2026-03-28 05:38:28.888,,,MRM_GLB_Std_EQ_P_Up,,,,,,,
400360,20260327,Sensitivity,Flatten,,MUSI,MS,SSA,Book-AA6,,,,SSA00306,1.0,,,,,,,,,,Murex System Limitation | (Louis Chan);Flatten SSA;Book-AA6;multiple strategies;CS01 MV Position;[MUREX can't risk the TRSW to offset the risk in bonds] | Recurring,Stage,2D7CCAD5-B375-4497-8C92-073FE9CBF434,MUS-HK\N348805,2026-03-28 06:38:22.798,,,,,,,,Position,,
400361,20260327,Sensitivity,Flatten,,MUSI,MS,SSA,Book-AA6,,,,SSA00282,1.0,,,,,,,,,,Murex System Limitation | (Louis Chan);Flatten SSA;Book-AA6;multiple strategies;CS01 MV Position;[MUREX can't risk the TRSW to offset the risk in bonds] | Recurring,Stage,D6340784-079F-4928-855E-DBA2C947532E,MUS-HK\N348805,2026-03-28 06:38:22.798,,,,,,,,Position,,
400362,20260327,Sensitivity,Flatten,,MUSI,MS,ETG,,,,,,1.0,,,,,,,,,,Raptor Reporting Issue | (Abdullah Alam);Adjust ETG;US46090E1038 US;sensi;[risk is NASDAQ not Invesco] | Recurring,Stage,B948D691-79C2-47AA-BC9E-F116B2C457AD,MUS-HK\N348805,2026-03-28 06:38:22.798,,US46090E1038 US,,,,,,FutureDV01PAR,,
400363,20260327,Sensitivity,Flatten,,MUSI,MS,SSA,Book-AA6,,,,SSA00282,1.0,,,,,,,,,,Murex System Limitation | (Louis Chan);Flatten SSA;Book-AA6;multiple strategies;CS01 MV Position;[MUREX can't risk the TRSW to offset the risk in bonds] | Recurring,Stage,353665FF-325B-4C0A-8D00-56BAEE1A6C41,MUS-HK\N348805,2026-03-28 06:38:22.798,,,,,,,,CS01,,
400364,20260327,Sensitivity,Flatten,,MUSI,MS,SSA,Book-AA6,,,,SSA00306,1.0,,,,,,,,,,Murex System Limitation | (Louis Chan);Flatten SSA;Book-AA6;multiple strategies;CS01 MV Position;[MUREX can't risk the TRSW to offset the risk in bonds] | Recurring,Stage,5277F3DE-0068-4EF6-9994-2A4EEFAA2E0B,MUS-HK\N348805,2026-03-28 06:38:22.798,,,,,,,,CS01,,
400365,20260327,Sensitivity,Flatten,,MUSUSA,MS,CTG,HLOP,,EQTT,,,1.0,,,,,,,,,,Model Limitation | (George Hansman);Flatten CTG EQTT;Bond ETF instruments; [Bond ETF flatting equity exposure] | Recurring,Stage,A2D12654-D2F9-4F88-B1A8-AA029AB97A50,MUS-HK\N348805,2026-03-28 06:38:22.798,,US4642872422 US,,,,,,,,
400366,20260327,Sensitivity,Flatten,,MUSI,MS,GBF,Book-A8,,DFSW,78852846,SSE00036,1.0,,,,,,,,,,Murex System Limitation | (Abdullah Alam);Flatten GBF Book-A8 SSE00036 78852846 DFSW;MV CS01 FRTBCSRDelta;[Part of package with offsetting CS01 missing due to typology limitation] | Recurring,Stage,EEF84E72-56DF-4C73-8152-878180FD7EB0,MUS-HK\N348805,2026-03-28 06:38:22.798,,,,,,,,CS01,,
400367,20260327,Sensitivity,Flatten,,MUSI,MS,ETG,,,,,,1.0,,,,,,,,,,Raptor Reporting Issue | (Abdullah Alam);Adjust ETG;US46090E1038 US;sensi;[risk is NASDAQ not Invesco] | Recurring,Stage,AECE733E-0B6C-43BC-8A84-105354E54D4A,MUS-HK\N348805,2026-03-28 06:38:22.798,,US46090E1038 US,,,,,,EQVEGA,,
400368,20260327,Sensitivity,Flatten,,MUSEU,MS,TRY,Book-EBK,JPY,,,,1.0,,,,,,,,,,IT-Other | (Abdullah Alam);Flatten TRY Book-EBK JPY ; [FX exposure not consistent with position] ; Recurring | Recurring,Stage,AB3880C0-7684-453C-9BFD-C64AC4FE83EE,MUS-HK\N348805,2026-03-28 06:38:22.798,,,,,,,,CashAdjustment,,
400369,20260327,Sensitivity,Flatten,,MUSI,MS,SSA,Book-AA6,,,,SSA00306,1.0,,,,,,,,,,Murex System Limitation | (Louis Chan);Flatten SSA;Book-AA6;multiple strategies;CS01 MV Position;[MUREX can't risk the TRSW to offset the risk in bonds] | Recurring,Stage,080F7C68-E3C4-4151-BC07-375D1C314D13,MUS-HK\N348805,2026-03-28 06:38:22.798,,,,,,,,MarketValue,,
400370,20260327,Sensitivity,Flatten,,MUSI,MS,RTU,Book-EDM,,,,,1.0,,,,,,,,,,IT-Other | (Bhilal Issa);Flatten RTU; Book-EDM; CS01;[Limitation as now CS01 risk is produced for Bond Forward typo] | Recurring,Stage,BB0BA5B2-1C31-4680-A214-3155B116591E,MUS-HK\N348805,2026-03-28 06:38:22.798,,,,,,,,CS01,,
400371,20260327,Sensitivity,Flatten,,MUSUSA,MS,CTG,HLOP,,EQTT,,,1.0,,,,,,,,,,Model Limitation | (George Hansman);Flatten CTG EQTT;Bond ETF instruments; [Bond ETF flatting equity exposure] | Recurring,Stage,BCB6B954-CCED-403B-989C-EE9E93210622,MUS-HK\N348805,2026-03-28 06:38:22.798,,US4642895118 US,,,,,,,,
400372,20260327,Sensitivity,Flatten,,MUSUSA,MS,EFA,SL01,,,,,1.0,,,,,,,,,,"IT-Other | (Tony Cross);Flatten EFA MUSUSA;SL01;Equity Delta;[Times Series Adjustments, until End of Feb] | Recurring",Stage,1BD507ED-B52E-4CA3-AD76-1E2447754685,MUS-HK\N348805,2026-03-28 06:38:22.798,,,,,,,,EQDELTA,,
400373,20260327,Sensitivity,Flatten,,MUSCAN,MS,EFT,CSBL,,,,,1.0,,,,,,,,,,"IT-Other | (Tony Cross);Flatten EFT MUSCAN;CSBL;Equity Delta;[Times Series Adjustments, until End of Feb] | Recurring",Stage,9272F5DA-A85D-4A31-9DD3-032E9A92DF95,MUS-HK\N348805,2026-03-28 06:38:22.798,,,,,,,,EQDELTA,,
400374,20260327,Sensitivity,Flatten,,MUSI,MS,SSU,Book-Y3,,,,SSU00332,1.0,,,,,,,,,,Murex System Limitation | (Abdullah Alam);Flatten SSU SSU00023 322 330 333;All sensi ex FX Exposure;[Passthrough expired Loan TRS with SPV bonds that remain live/ Financing structures. P&L Flat.] | Recurring,Stage,C66973F2-B1D9-49D6-A3F9-4FF488E6F083,MUS-HK\N348805,2026-03-28 06:38:22.798,,,,,,,,,,
400375,20260327,Sensitivity,Flatten,,MUSI,MS,SSU,Book-Y2,,,,SSU00322,1.0,,,,,,,,,,Murex System Limitation | (Abdullah Alam);Flatten SSU SSU00023 322 330 333;All sensi ex FX Exposure;[Passthrough expired Loan TRS with SPV bonds that remain live/ Financing structures. P&L Flat.] | Recurring,Stage,16BD0B3B-221C-4F93-B521-9D5A6FF40DD5,MUS-HK\N348805,2026-03-28 06:38:22.798,,,,,,,,,,
400376,20260327,Sensitivity,Flatten,,MUSI,MS,SSU,Book-Y2,,,,SSU00330,1.0,,,,,,,,,,Murex System Limitation | (Abdullah Alam);Flatten SSU SSU00023 322 330 333;All sensi ex FX Exposure;[Passthrough expired Loan TRS with SPV bonds that remain live/ Financing structures. P&L Flat.] | Recurring,Stage,CB61EA71-1CF6-469B-A849-1A74077D8579,MUS-HK\N348805,2026-03-28 06:38:22.798,,,,,,,,,,
400377,20260327,Sensitivity,Flatten,,MUSI,MS,SSA,Book-AA6,,,,SSA00289,1.0,,,,,,,,,,Murex System Limitation | (Louis Chan);Flatten SSA;Book-AA6;multiple strategies;CS01 MV Position;[MUREX can't risk the TRSW to offset the risk in bonds] | Recurring,Stage,C1C7179C-FCAA-46C1-897E-5CF4A49DC249,MUS-HK\N348805,2026-03-28 06:38:22.798,,,,,,,,Position,,
400378,20260327,Sensitivity,Flatten,,MUSI,MS,SSU,Book-Y1,,,,SSU00322,1.0,,,,,,,,,,Murex System Limitation | (Abdullah Alam);Flatten SSU SSU00023 322 330 333;All sensi ex FX Exposure;[Passthrough expired Loan TRS with SPV bonds that remain live/ Financing structures. P&L Flat.] | Recurring,Stage,E7A5B16D-2926-4C75-9F7D-E49335A5CFDC,MUS-HK\N348805,2026-03-28 06:38:22.798,,,,,,,,,,
400379,20260327,Sensitivity,Flatten,,MUSI,MS,SSU,Book-Y1,,,,SSU00330,1.0,,,,,,,,,,Murex System Limitation | (Abdullah Alam);Flatten SSU SSU00023 322 330 333;All sensi ex FX Exposure;[Passthrough expired Loan TRS with SPV bonds that remain live/ Financing structures. P&L Flat.] | Recurring,Stage,FD5C6DC1-EB6C-4FA8-BBEA-6548D81664F4,MUS-HK\N348805,2026-03-28 06:38:22.798,,,,,,,,,,
400380,20260327,Sensitivity,Flatten,,MUSI,MS,CAP,Book-SUB,,,54424730,,1.0,,,,,,,,,,IT-Other | (Abdullah Alam);Flatten CAP Book-SUB;54424729 54424730 55925869;IR01;[5y vs 10y Callable package � not modelled correctly] | Recurring,Stage,0270E78A-A754-421D-A087-CF1CE74139EF,MUS-HK\N348805,2026-03-28 06:38:22.798,,,,,,,,FutureDV01PAR,,
400381,20260327,Sensitivity,Flatten,,MUSEU,MS,TRY,Book-EBK,JPY,,,,1.0,,,,,,,,,,IT-Other | (Abdullah Alam);Flatten TRY Book-EBK JPY ; [FX exposure not consistent with position] ; Recurring | Recurring,Stage,6F4C3B40-50EF-4D27-9AD7-631A8969207E,MUS-HK\N348805,2026-03-28 06:38:22.798,,,,,,,,FxDeltaExp,,
400382,20260327,Sensitivity,Flatten,,MUSEU,MS,TRY,Book-EBK,JPY,,,,1.0,,,,,,,,,,IT-Other | (Abdullah Alam);Flatten TRY Book-EBK JPY ; [FX exposure not consistent with position] ; Recurring | Recurring,Stage,6D059E7F-7A89-46E9-A264-12E160AF9329,MUS-HK\N348805,2026-03-28 06:38:22.798,,,,,,,,RealisedCash,,
400383,20260327,Sensitivity,Flatten,,MUSEU,MS,TRY,Book-EBK,JPY,,,,1.0,,,,,,,,,,IT-Other | (Abdullah Alam);Flatten TRY Book-EBK JPY ; [FX exposure not consistent with position] ; Recurring | Recurring,Stage,91B4BE52-11FB-4644-918D-D7288BF8E94B,MUS-HK\N348805,2026-03-28 06:38:22.798,,,,,,,,PV,,
400384,20260327,Sensitivity,Flatten,,MUSUSA,MS,CTG,RPOP,,EQTT,,,1.0,,,,,,,,,,Model Limitation | (George Hansman);Flatten CTG EQTT;Bond ETF instruments; [Bond ETF flatting equity exposure] | Recurring,Stage,19CADF23-1A91-42D9-A84F-A8C2885194C6,MUS-HK\N348805,2026-03-28 06:38:22.798,,US4642872422 US,,,,,,,,
400385,20260327,Sensitivity,Flatten,,MUSI,MS,GBF,Book-A8,,DFSW,78852846,SSE00036,1.0,,,,,,,,,,Murex System Limitation | (Abdullah Alam);Flatten GBF Book-A8 SSE00036 78852846 DFSW;MV CS01 FRTBCSRDelta;[Part of package with offsetting CS01 missing due to typology limitation] | Recurring,Stage,3971191E-6766-4AE9-AD40-E860241D2663,MUS-HK\N348805,2026-03-28 06:38:22.798,,,,,,,,MarketValue,,
400386,20260327,Sensitivity,Flatten,,MUSI,MS,SSA,Book-AA6,,,,SSA00312,1.0,,,,,,,,,,Murex System Limitation | (Louis Chan);Flatten SSA;Book-AA6;multiple strategies;CS01 MV Position;[MUREX can't risk the TRSW to offset the risk in bonds] | Recurring,Stage,951E2015-3BE3-4B15-BC34-55EE0AB6E536,MUS-HK\N348805,2026-03-28 06:38:22.798,,,,,,,,Position,,
400387,20260327,Sensitivity,Flatten,,MUSI,MS,SSA,Book-AA6,,,,SSA00312,1.0,,,,,,,,,,Murex System Limitation | (Louis Chan);Flatten SSA;Book-AA6;multiple strategies;CS01 MV Position;[MUREX can't risk the TRSW to offset the risk in bonds] | Recurring,Stage,CF186E21-1383-4661-B8AC-82B24E7993DA,MUS-HK\N348805,2026-03-28 06:38:22.798,,,,,,,,CS01,,
400388,20260327,Sensitivity,Flatten,,MUSI,MS,SSA,Book-AA6,,,,SSA00312,1.0,,,,,,,,,,Murex System Limitation | (Louis Chan);Flatten SSA;Book-AA6;multiple strategies;CS01 MV Position;[MUREX can't risk the TRSW to offset the risk in bonds] | Recurring,Stage,287B2CBC-6575-4728-92FA-08CB05008774,MUS-HK\N348805,2026-03-28 06:38:22.798,,,,,,,,MarketValue,,
400389,20260327,Sensitivity,Flatten,,MUSI,MS,SSA,Book-AA6,,,,SSA00296,1.0,,,,,,,,,,Murex System Limitation | (Louis Chan);Flatten SSA;Book-AA6;multiple strategies;CS01 MV Position;[MUREX can't risk the TRSW to offset the risk in bonds] | Recurring,Stage,D6348F68-D770-476B-AB82-7D0946A35D5B,MUS-HK\N348805,2026-03-28 06:38:22.798,,,,,,,,MarketValue,,
400390,20260327,Sensitivity,Flatten,,MUSUSA,MS,CTG,,,EQTT,,,1.0,,,,,,,,,,Model Limitation | (George Hansman);Flatten CTG EQTT;Bond ETF instruments; [Bond ETF flatting equity exposure] | Recurring,Stage,FA6915F3-BE03-4D3A-9588-6FD4F6BE8AF5,MUS-HK\N348805,2026-03-28 06:38:22.798,,US92206C8709 US,,,,,,,,
400391,20260327,Sensitivity,Flatten,,MUSI,MS,CAP,Book-SUB,,,77021537,,1.0,,,,,,,,,,IT-Other | (Abdullah Alam);Flatten CAP Book-SUB;54424729 54424730 55925869;IR01;[5y vs 10y Callable package � not modelled correctly] | Recurring,Stage,DB87AB7B-AE3F-4BA8-89E4-83178401917C,MUS-HK\N348805,2026-03-28 06:38:22.798,,,,,,,,FutureDV01PAR,,
400392,20260327,Sensitivity,Flatten,,MUSI,MS,CAP,Book-SUB,,,54424729,,1.0,,,,,,,,,,IT-Other | (Abdullah Alam);Flatten CAP Book-SUB;54424729 54424730 55925869;IR01;[5y vs 10y Callable package � not modelled correctly] | Recurring,Stage,88685FAB-3A52-49E2-AED8-4FC9B27D8025,MUS-HK\N348805,2026-03-28 06:38:22.798,,,,,,,,FutureDV01PAR,,
400393,20260327,Sensitivity,Flatten,,MUSI,MS,RTU,Book-SNT,,,,,1.0,,,,,,,,,,"IT-Other | (Bhilal Issa);Flatten RTU; Book-SNT; VaR, Stress & CS01; [Missing offsetting position from TRSW] | Recurring",Stage,E93CDA00-DF9D-4D41-B26A-3CC5C69E9944,MUS-HK\N348805,2026-03-28 06:38:22.798,,,,,,,,CS01,,
400394,20260327,Sensitivity,Flatten,,MUSI,MS,TRY,Book-K,JPY,FEXP,,,1.0,,,,,,,,,,Murex System Limitation | (Abdullah Alam);Flatten TRY; Book-K; FNDI; JPY IR01 [System Limitation on FNDI Valuation | Recurring,Stage,6C1A808E-FC7C-4EE0-84FC-3FFC33940B76,MUS-HK\N348805,2026-03-28 06:38:22.798,,,,,,,,FutureDV01PAR,,
400395,20260327,Sensitivity,Flatten,,MUSI,MS,EFE,Book-GIX,,,,,1.0,,,,,,,,,,IT-Other | (Gonalo Velazquez);Flatten EFE Book-GIX;VAR STR SEN;[Decomposed index mirrored into BOOK-GIF] | Recurring,Stage,2FBD46EF-249D-47C3-B5DC-7B8DEA33A32E,MUS-HK\N348805,2026-03-28 06:38:22.798,,,,,,,,,,
400396,20260327,Sensitivity,Flatten,,MUSI,MS,ETG,,,,,,1.0,,,,,,,,,,Raptor Reporting Issue | (Abdullah Alam);Adjust ETG;US46090E1038 US;sensi;[risk is NASDAQ not Invesco] | Recurring,Stage,2163D316-2609-49EC-802D-65C3E4E11FDD,MUS-HK\N348805,2026-03-28 06:38:22.798,,US46090E1038 US,,,,,,EQDELTA,,
400397,20260327,Sensitivity,Flatten,,MUSI,MS,SSA,Book-AA6,,,,SSA00311,1.0,,,,,,,,,,Murex System Limitation | (Louis Chan);Flatten SSA;Book-AA6;multiple strategies;CS01 MV Position;[MUREX can't risk the TRSW to offset the risk in bonds] | Recurring,Stage,2015E0A8-8038-47F1-B7C3-70B0A15BCD59,MUS-HK\N348805,2026-03-28 06:38:22.798,,,,,,,,Position,,
400398,20260327,Sensitivity,Flatten,,MUSI,MS,SSA,Book-AA6,,,,SSA00311,1.0,,,,,,,,,,Murex System Limitation | (Louis Chan);Flatten SSA;Book-AA6;multiple strategies;CS01 MV Position;[MUREX can't risk the TRSW to offset the risk in bonds] | Recurring,Stage,56CAAF5D-ED8C-4D4D-A02B-F31D2A2CB5C6,MUS-HK\N348805,2026-03-28 06:38:22.798,,,,,,,,CS01,,
400399,20260327,Sensitivity,Flatten,,MUSI,MS,SSA,Book-AA6,,,,SSA00311,1.0,,,,,,,,,,Murex System Limitation | (Louis Chan);Flatten SSA;Book-AA6;multiple strategies;CS01 MV Position;[MUREX can't risk the TRSW to offset the risk in bonds] | Recurring,Stage,A1F7E5DC-3E6A-44BA-BF71-1A43C402BE2F,MUS-HK\N348805,2026-03-28 06:38:22.798,,,,,,,,MarketValue,,
400400,20260327,Sensitivity,Flatten,,MUSI,MS,SSA,Book-AA6,,,,SSA00296,1.0,,,,,,,,,,Murex System Limitation | (Louis Chan);Flatten SSA;Book-AA6;multiple strategies;CS01 MV Position;[MUREX can't risk the TRSW to offset the risk in bonds] | Recurring,Stage,2360AF3F-35EB-4F11-8207-0BFD5A2A8DA6,MUS-HK\N348805,2026-03-28 06:38:22.798,,,,,,,,Position,,
400401,20260327,Sensitivity,Flatten,,MUSI,MS,SSA,Book-AA6,,,,SSA00296,1.0,,,,,,,,,,Murex System Limitation | (Louis Chan);Flatten SSA;Book-AA6;multiple strategies;CS01 MV Position;[MUREX can't risk the TRSW to offset the risk in bonds] | Recurring,Stage,7FAF5CE8-D2E5-46DE-847B-3331F3E0F099,MUS-HK\N348805,2026-03-28 06:38:22.798,,,,,,,,CS01,,
400402,20260327,Sensitivity,Flatten,,MUSEU,MS,,,,FEXF,,,1.0,,,,,,,,,,Murex System Limitation | (Saima Khan);Flatten MUSEU; Typology FEXF FxDeltaExp [Double Counting on PV] | Recurring,Stage,BE495D9B-DF4B-4BAE-82B5-7BD70B4FC2E6,MUS-HK\N348805,2026-03-28 06:38:22.798,,,,,,,,FxDeltaExp,,
400403,20260327,Sensitivity,Flatten,,MUSEU,MS,,,,FEXS,,,1.0,,,,,,,,,,Murex System Limitation | (Saima Khan);Flatten MUSEU; Typology FEXS FxDeltaExp [Double Counting on PV] | Recurring,Stage,DDA0CC70-B485-47C2-95B6-D8A1AE106C5F,MUS-HK\N348805,2026-03-28 06:38:22.798,,,,,,,,FxDeltaExp,,
400404,20260327,Sensitivity,Flatten,,MUFGBK,MS,,,,FEXF,,,1.0,,,,,,,,,,Murex System Limitation | (Abdullah Alam);Flatten MUFGBK; Typology FEXF FxDeltaExp [Double Counting on PV] | Recurring,Stage,A2150B8A-769B-4890-B94C-1417803C75E6,MUS-HK\N348805,2026-03-28 06:38:22.798,,,,,,,,FxDeltaExp,,
400405,20260327,Sensitivity,Flatten,,MUSUSA,MS,CTG,,,EQTT,,,1.0,,,,,,,,,,Model Limitation | (George Hansman);Flatten CTG EQTT;Bond ETF instruments; [Bond ETF flatting equity exposure] | Recurring,Stage,3575B7EC-9C59-4BEB-A09B-BEBAF5A03821,MUS-HK\N348805,2026-03-28 06:38:22.798,,US4642872422 US,,,,,,,,
400406,20260327,Sensitivity,Flatten,,MUSI,MS,SSA,Book-AA6,,,,SSA00211,1.0,,,,,,,,,,Murex System Limitation | (Louis Chan);Flatten SSA;Book-AA6;multiple strategies;CS01 MV Position;[MUREX can't risk the TRSW to offset the risk in bonds] | Recurring,Stage,40D1C245-C528-4951-B2DC-F8C7A9ACDC38,MUS-HK\N348805,2026-03-28 06:38:22.798,,,,,,,,Position,,
400407,20260327,Sensitivity,Flatten,,MUSI,MS,SSA,Book-AA6,,,,SSA00211,1.0,,,,,,,,,,Murex System Limitation | (Louis Chan);Flatten SSA;Book-AA6;multiple strategies;CS01 MV Position;[MUREX can't risk the TRSW to offset the risk in bonds] | Recurring,Stage,CA92A73F-482F-49AA-B076-A79ABAAA5AFD,MUS-HK\N348805,2026-03-28 06:38:22.798,,,,,,,,CS01,,
400408,20260327,Sensitivity,Flatten,,MUSI,MS,GBF,Book-A8,,,,SSE00001,1.0,,,,,,,,,,"Murex System Limitation | (Abdullah Alam);Flatten GBF Book-A8 SSE00001;MV;[Strategies are market risk flat, MV FGUA not reflecting MV on Bond] | Recurring",Stage,711518DD-4D68-47D6-8354-2AE54D486080,MUS-HK\N348805,2026-03-28 06:38:22.798,,,,,,,,MarketValue,,
400409,20260327,Sensitivity,Flatten,,MUSI,MS,SSA,Book-AA6,,,,SSA00211,1.0,,,,,,,,,,Murex System Limitation | (Louis Chan);Flatten SSA;Book-AA6;multiple strategies;CS01 MV Position;[MUREX can't risk the TRSW to offset the risk in bonds] | Recurring,Stage,6359C423-D48C-4C66-A65E-9ECFCD7978F4,MUS-HK\N348805,2026-03-28 06:38:22.798,,,,,,,,MarketValue,,
400410,20260327,Sensitivity,Flatten,,MUFGBK,MS,,,,FEXP,,,1.0,,,,,,,,,,Murex System Limitation | (Abdullah Alam);Flatten MUFGBK; Typology FEXF FxDeltaExp [Double Counting on PV] | Recurring,Stage,9BAD0D6A-4BB7-43B3-B960-E2EEC49021D6,MUS-HK\N348805,2026-03-28 06:38:22.798,,,,,,,,FxDeltaExp,,
400411,20260327,Sensitivity,Flatten,,MUFGBK,MS,,,,FEXS,,,1.0,,,,,,,,,,Murex System Limitation | (Abdullah Alam);Flatten MUFGBK; Typology FEXF FxDeltaExp [Double Counting on PV] | Recurring,Stage,5CCA0984-D007-46E6-ACC0-B84B458DED0E,MUS-HK\N348805,2026-03-28 06:38:22.798,,,,,,,,FxDeltaExp,,
400412,20260327,Sensitivity,Flatten,,MUSI,MS,,,,FNDF,,,1.0,,,,,,,,,,Murex System Limitation | (Abdullah Alam);Flatten MUSI; Typology FNDF FxDeltaExp [Double Counting on PV] | Recurring,Stage,BEC38BED-51EC-467D-B64D-174BC0A876DE,MUS-HK\N348805,2026-03-28 06:38:22.798,,,,,,,,FxDeltaExp,,
400413,20260327,Sensitivity,Flatten,,MUSEU,MS,,,,FEXP,,,1.0,,,,,,,,,,Murex System Limitation | (Saima Khan);Flatten MUSEU; Typology FEXP FxDeltaExp [Double Counting on PV] | Recurring,Stage,83FA386A-251D-4133-8DBD-A70C2CA2FEFE,MUS-HK\N348805,2026-03-28 06:38:22.798,,,,,,,,FxDeltaExp,,
400414,20260327,Sensitivity,Flatten,,MUSI,MS,,,,FEXF,,,1.0,,,,,,,,,,Murex System Limitation | (Abdullah Alam);Flatten MUSI; Typology FEXF FxDeltaExp [Double Counting on PV] | Recurring,Stage,9F7E8D6D-9287-474F-BEE9-F9AB397D927D,MUS-HK\N348805,2026-03-28 06:38:22.798,,,,,,,,FxDeltaExp,,
400415,20260327,Sensitivity,Flatten,,MUSI,MS,,,,FEXP,,,1.0,,,,,,,,,,Murex System Limitation | (Abdullah Alam);Flatten MUSI; Typology FEXP FxDeltaExp [Double Counting on PV] | Recurring,Stage,0EBD7CD3-4774-414E-AA36-93FB437B5163,MUS-HK\N348805,2026-03-28 06:38:22.798,,,,,,,,FxDeltaExp,,
400416,20260327,Sensitivity,Flatten,,MUSI,MS,,,,FEXS,,,1.0,,,,,,,,,,Murex System Limitation | (Abdullah Alam);Flatten MUSI; Typology FEXS FxDeltaExp [Double Counting on PV] | Recurring,Stage,CC7EE56C-13F2-41E4-8295-E028F1E7516C,MUS-HK\N348805,2026-03-28 06:38:22.798,,,,,,,,FxDeltaExp,,
400417,20260327,Sensitivity,Flatten,,MUSI,MS,SSA,Book-AA6,,,,SSA00310,1.0,,,,,,,,,,Murex System Limitation | (Louis Chan);Flatten SSA;Book-AA6;multiple strategies;CS01 MV Position;[MUREX can't risk the TRSW to offset the risk in bonds] | Recurring,Stage,EEFA889D-3B43-4D12-9081-51A46315C400,MUS-HK\N348805,2026-03-28 06:38:22.798,,,,,,,,Position,,
400418,20260327,Sensitivity,Flatten,,MUSI,MS,SSA,Book-AA6,,,,SSA00310,1.0,,,,,,,,,,Murex System Limitation | (Louis Chan);Flatten SSA;Book-AA6;multiple strategies;CS01 MV Position;[MUREX can't risk the TRSW to offset the risk in bonds] | Recurring,Stage,72CEF920-5D10-44B4-A661-1F5100BA704C,MUS-HK\N348805,2026-03-28 06:38:22.798,,,,,,,,CS01,,
400419,20260327,Sensitivity,Flatten,,MUSI,MS,ETG,,,,,,1.0,,,,,,,,,,Raptor Reporting Issue | (Abdullah Alam);Adjust ETG;US46090E1038 US;sensi;[risk is NASDAQ not Invesco] | Recurring,Stage,AB86B3D0-A48B-457C-AEE4-305E00E25A01,MUS-HK\N348805,2026-03-28 06:38:22.798,,US46090E1038 US,,,,,,EQGAMMA,,
400420,20260327,Sensitivity,Flatten,,MUSUSA,MS,CTG,AAOP,,EQTT,,,1.0,,,,,,,,,,Model Limitation | (George Hansman);Flatten CTG EQTT;Bond ETF instruments; [Bond ETF flatting equity exposure] | Recurring,Stage,6BE34917-0775-42D2-9BD2-1EFF5A28C5DF,MUS-HK\N348805,2026-03-28 06:38:22.798,,US4642872422 US,,,,,,,,
400421,20260327,Sensitivity,Flatten,,MUSI,MS,SSA,Book-AA6,,,,SSA00282,1.0,,,,,,,,,,Murex System Limitation | (Louis Chan);Flatten SSA;Book-AA6;multiple strategies;CS01 MV Position;[MUREX can't risk the TRSW to offset the risk in bonds] | Recurring,Stage,EB3B3C16-39A0-4551-9AD3-1C0531704BEE,MUS-HK\N348805,2026-03-28 06:38:22.798,,,,,,,,MarketValue,,
400422,20260327,Sensitivity,Flatten,,MUSI,MS,SSA,Book-AA6,,,,SSA00283,1.0,,,,,,,,,,Murex System Limitation | (Louis Chan);Flatten SSA;Book-AA6;multiple strategies;CS01 MV Position;[MUREX can't risk the TRSW to offset the risk in bonds] | Recurring,Stage,6C67B361-8D30-4AA0-B941-23A050109B1E,MUS-HK\N348805,2026-03-28 06:38:22.798,,,,,,,,Position,,
400423,20260327,Sensitivity,Flatten,,MUSI,MS,SSA,Book-AA6,,,,SSA00283,1.0,,,,,,,,,,Murex System Limitation | (Louis Chan);Flatten SSA;Book-AA6;multiple strategies;CS01 MV Position;[MUREX can't risk the TRSW to offset the risk in bonds] | Recurring,Stage,6911BF1F-FC31-4C5F-AA62-58EFBA9EB435,MUS-HK\N348805,2026-03-28 06:38:22.798,,,,,,,,CS01,,
400424,20260327,Sensitivity,Flatten,,MUSI,MS,SSA,Book-AA6,,,,SSA00283,1.0,,,,,,,,,,Murex System Limitation | (Louis Chan);Flatten SSA;Book-AA6;multiple strategies;CS01 MV Position;[MUREX can't risk the TRSW to offset the risk in bonds] | Recurring,Stage,0870B127-B948-4F14-BC6D-B67E7E8769A9,MUS-HK\N348805,2026-03-28 06:38:22.798,,,,,,,,MarketValue,,
400425,20260327,Sensitivity,Flatten,,MUSI,MS,SSA,Book-AA6,,,,SSA00284,1.0,,,,,,,,,,Murex System Limitation | (Louis Chan);Flatten SSA;Book-AA6;multiple strategies;CS01 MV Position;[MUREX can't risk the TRSW to offset the risk in bonds] | Recurring,Stage,DDA97DD5-70CF-4F0C-A30A-355A93CE56B5,MUS-HK\N348805,2026-03-28 06:38:22.798,,,,,,,,Position,,
400426,20260327,Sensitivity,Flatten,,MUSI,MS,SSA,Book-AA6,,,,SSA00284,1.0,,,,,,,,,,Murex System Limitation | (Louis Chan);Flatten SSA;Book-AA6;multiple strategies;CS01 MV Position;[MUREX can't risk the TRSW to offset the risk in bonds] | Recurring,Stage,B40BDE3D-48B7-4267-B71D-361B99E04266,MUS-HK\N348805,2026-03-28 06:38:22.798,,,,,,,,CS01,,
400427,20260327,Sensitivity,Flatten,,MUSI,MS,SSA,Book-AA6,,,,SSA00284,1.0,,,,,,,,,,Murex System Limitation | (Louis Chan);Flatten SSA;Book-AA6;multiple strategies;CS01 MV Position;[MUREX can't risk the TRSW to offset the risk in bonds] | Recurring,Stage,CBE719B4-2CFA-4A40-8E2B-DB7489686EAC,MUS-HK\N348805,2026-03-28 06:38:22.798,,,,,,,,MarketValue,,
400428,20260327,Sensitivity,Flatten,,MUSI,MS,SSA,Book-AA6,,,,SSA00310,1.0,,,,,,,,,,Murex System Limitation | (Louis Chan);Flatten SSA;Book-AA6;multiple strategies;CS01 MV Position;[MUREX can't risk the TRSW to offset the risk in bonds] | Recurring,Stage,5562A425-6A33-4217-AD82-74C70D11940A,MUS-HK\N348805,2026-03-28 06:38:22.798,,,,,,,,MarketValue,,
400429,20260327,Sensitivity,Flatten,,MUSI,MS,RTG,Book-BBX,,,,,1.0,,,,,,,,,,IT-Other | (Louis Chan);Flatten RTG Book-BBX;CS01;[Limitation that CS01 risk is not producing for the Bond forward BFGV which is offset with the corresponding BDGV Hedge of same notional and isin.] | Recurring,Stage,23585C9D-BB17-4B1D-B4AD-1991CCB0084D,MUS-HK\N348805,2026-03-28 06:38:22.798,,,,,,,,CS01,,
400430,20260327,FRTB,Flatten,,MUSI,MS,SSU,Book-Y3,,,,SSU00332,1.0,,,,,,,,,,Murex System Limitation | (Abdullah Alam);Flatten SSU SSU00023 322 330 333; [Passthrough expired Loan TRS with SPV bonds that remain live/ Financing structures. P&L Flat.] | Recurring,Stage,5D5E61B4-CDE0-4426-A80E-68C4BBF267B3,MUS-HK\N348805,2026-03-28 08:37:32.929,,,,,,,,FRTBCSRDelta,,
400431,20260327,FRTB,Flatten,,MUSI,MS,GBF,Book-A8,,TRSW,,SV937955,1.0,,,,,,,,,,IT-Other | (Abdullah Alam);Flatten GBF Book-A8 TRSW;SV937955;FRTB DRC;[placeholder trade that should have zero MV.] | Recurring,Stage,1EA6DB2D-8F1D-4897-8F8B-DAA597A220F5,MUS-HK\N348805,2026-03-28 08:37:32.929,,,,,,,,FRTBDRC,,
400432,20260327,FRTB,Flatten,,MUSI,QS,ESB,,,,,,1.0,,,,,,,,,,"Murex System Limitation | (Abdullah Alam);Flatten ESB ESG;FRTBDRC;[Static data issues on VisaB2 , distorting the capital charge as punitive Risk bucket is assigned] | Recurring",Stage,CE3F2A53-AAFF-4823-856B-FF73FE8730D1,MUS-HK\N348805,2026-03-28 08:37:32.929,,,,,,,,FRTBDRC,,
400433,20260327,FRTB,Flatten,,MUSI,MS,ESB,,,,,,1.0,,,,,,,,,,"Murex System Limitation | (Abdullah Alam);Flatten ESB ESG;FRTBDRC;[Static data issues on VisaB2 , distorting the capital charge as punitive Risk bucket is assigned] | Recurring",Stage,62E3C08D-DA4E-46DA-B140-28D1D19BF390,MUS-HK\N348805,2026-03-28 08:37:32.929,,,,,,,,FRTBDRC,,
400434,20260327,FRTB,Flatten,,MUSI,QS,ESG,,,,,,1.0,,,,,,,,,,"Murex System Limitation | (Abdullah Alam);Flatten ESB ESG;FRTBDRC;[Static data issues on VisaB2 , distorting the capital charge as punitive Risk bucket is assigned] | Recurring",Stage,718A6B3A-EB18-472B-8ABE-9646EAF3190E,MUS-HK\N348805,2026-03-28 08:37:32.929,,,,,,,,FRTBDRC,,
400435,20260327,FRTB,Flatten,,MUSI,MS,ESG,,,,,,1.0,,,,,,,,,,"Murex System Limitation | (Abdullah Alam);Flatten ESB ESG;FRTBDRC;[Static data issues on VisaB2 , distorting the capital charge as punitive Risk bucket is assigned] | Recurring",Stage,4CE83224-DE2C-4DC1-9133-6414C0C2E7E9,MUS-HK\N348805,2026-03-28 08:37:32.929,,,,,,,,FRTBDRC,,
400436,20260327,FRTB,Flatten,,MUSI,MS,GBF,Book-A8,,DFSW,78852846,SSE00036,1.0,,,,,,,,,,Murex System Limitation | (Abdullah Alam);Flatten GBF Book-A8 SSE00036 78852846 DFSW;CS01 FRTBCSRDelta;[Part of package with offsetting CS01 missing due to typology limitation] | Recurring,Stage,C946143A-42A3-4EFA-8F30-F71D0090B1F0,MUS-HK\N348805,2026-03-28 08:37:32.929,,,,,,,,FRTBCSRDelta,,
400437,20260327,FRTB,Flatten,,MUSI,QS,GBF,Book-A8,,TRSW,,SV937955,1.0,,,,,,,,,,IT-Other | (Abdullah Alam);Flatten GBF Book-A8 TRSW;SV937955;FRTB DRC;[placeholder trade that should have zero MV.] | Recurring,Stage,58EAFE8E-195A-4B22-BF3C-AB7532CCCB5B,MUS-HK\N348805,2026-03-28 08:37:32.929,,,,,,,,FRTBDRC,,
400438,20260327,FRTB,Flatten,,MUSI,MS,SSU,Book-Y2,,,,SSU00322,1.0,,,,,,,,,,Murex System Limitation | (Abdullah Alam);Flatten SSU SSU00023 322 330 333; [Passthrough expired Loan TRS with SPV bonds that remain live/ Financing structures. P&L Flat.] | Recurring,Stage,7CA25B9E-6487-4871-B1CC-BCF5BBC2FD7B,MUS-HK\N348805,2026-03-28 08:37:32.929,,,,,,,,FRTBCSRDelta,,
400439,20260327,FRTB,Flatten,,MUSI,MS,SSU,Book-Y2,,,,SSU00322,1.0,,,,,,,,,,Murex System Limitation | (Abdullah Alam);Flatten SSU SSU00023 322 330 333; [Passthrough expired Loan TRS with SPV bonds that remain live/ Financing structures. P&L Flat.] | Recurring,Stage,A875046B-98FC-4C2F-B1E2-9C039C9B022A,MUS-HK\N348805,2026-03-28 08:37:32.929,,,,,,,,FRTBDRC,,
400440,20260327,FRTB,Flatten,,MUSI,MS,SSU,Book-Y2,,,,SSU00322,1.0,,,,,,,,,,Murex System Limitation | (Abdullah Alam);Flatten SSU SSU00023 322 330 333; [Passthrough expired Loan TRS with SPV bonds that remain live/ Financing structures. P&L Flat.] | Recurring,Stage,532D7F46-174F-4881-B9C6-68B17E673595,MUS-HK\N348805,2026-03-28 08:37:32.929,,,,,,,,FRTBGIRRCurvature,,
400441,20260327,FRTB,Flatten,,MUSI,MS,SSU,Book-Y2,,,,SSU00322,1.0,,,,,,,,,,Murex System Limitation | (Abdullah Alam);Flatten SSU SSU00023 322 330 333; [Passthrough expired Loan TRS with SPV bonds that remain live/ Financing structures. P&L Flat.] | Recurring,Stage,E7CE3418-86F5-440D-87DF-0A331009188E,MUS-HK\N348805,2026-03-28 08:37:32.929,,,,,,,,FRTBGIRRDelta,,
400442,20260327,FRTB,Flatten,,MUSI,MS,SSU,Book-Y2,,,,SSU00322,1.0,,,,,,,,,,Murex System Limitation | (Abdullah Alam);Flatten SSU SSU00023 322 330 333; [Passthrough expired Loan TRS with SPV bonds that remain live/ Financing structures. P&L Flat.] | Recurring,Stage,03D41BE5-0E36-4CF1-8BB1-B86E30818A7E,MUS-HK\N348805,2026-03-28 08:37:32.929,,,,,,,,FRTBGIRRVega,,
400443,20260327,FRTB,Scale,20260326,MUSI,MS,GBF,Book-A8,,,,SV937955,1.0,,,,,,,,,,Murex System Limitation | (Abdullah Alam);Flatten GBF Book-A8 SV937955;All FRTB except FRTB FX;[Strategies are market risk flat] | Recurring,Stage,7CECD201-B1A8-424A-B415-0EE368EDAACB,MUS-HK\N348805,2026-03-28 08:37:32.929,,,,,,,,FRTBFxDelta,,
400444,20260327,FRTB,Scale,20260326,MUSI,QS,GBF,Book-A8,,,,SV937955,1.0,,,,,,,,,,Murex System Limitation | (Abdullah Alam);Flatten GBF Book-A8 SV937955;All FRTB except FRTB FX;[Strategies are market risk flat] | Recurring,Stage,9EFF18E6-19B6-48EC-86BA-6051A6802AA0,MUS-HK\N348805,2026-03-28 08:37:32.929,,,,,,,,FRTBFxDelta,,
400445,20260327,FRTB,Flatten,,MUSI,MS,SSU,Book-Y1,,,,SSU00322,1.0,,,,,,,,,,Murex System Limitation | (Abdullah Alam);Flatten SSU SSU00023 322 330 333; [Passthrough expired Loan TRS with SPV bonds that remain live/ Financing structures. P&L Flat.] | Recurring,Stage,91ED38C4-975E-4205-9632-D93BB6A81050,MUS-HK\N348805,2026-03-28 08:37:32.929,,,,,,,,FRTBCSRDelta,,
400446,20260327,FRTB,Flatten,,MUSI,MS,SSU,Book-Y1,,,,SSU00322,1.0,,,,,,,,,,Murex System Limitation | (Abdullah Alam);Flatten SSU SSU00023 322 330 333; [Passthrough expired Loan TRS with SPV bonds that remain live/ Financing structures. P&L Flat.] | Recurring,Stage,3FF1D738-BAE4-40BD-A869-6B552B7EC04B,MUS-HK\N348805,2026-03-28 08:37:32.929,,,,,,,,FRTBDRC,,
400447,20260327,FRTB,Flatten,,MUSI,MS,SSU,Book-Y1,,,,SSU00322,1.0,,,,,,,,,,Murex System Limitation | (Abdullah Alam);Flatten SSU SSU00023 322 330 333; [Passthrough expired Loan TRS with SPV bonds that remain live/ Financing structures. P&L Flat.] | Recurring,Stage,011BB0FF-A7AA-4875-B440-589F48FF84BE,MUS-HK\N348805,2026-03-28 08:37:32.929,,,,,,,,FRTBGIRRCurvature,,
400448,20260327,FRTB,Flatten,,MUSI,MS,SSU,Book-Y1,,,,SSU00322,1.0,,,,,,,,,,Murex System Limitation | (Abdullah Alam);Flatten SSU SSU00023 322 330 333; [Passthrough expired Loan TRS with SPV bonds that remain live/ Financing structures. P&L Flat.] | Recurring,Stage,C8CE5104-6FAB-4965-ADFB-DEACD9527D82,MUS-HK\N348805,2026-03-28 08:37:32.929,,,,,,,,FRTBGIRRDelta,,
400449,20260327,FRTB,Flatten,,MUSI,MS,SSU,Book-Y1,,,,SSU00322,1.0,,,,,,,,,,Murex System Limitation | (Abdullah Alam);Flatten SSU SSU00023 322 330 333; [Passthrough expired Loan TRS with SPV bonds that remain live/ Financing structures. P&L Flat.] | Recurring,Stage,BBF05B33-E18A-405E-85CB-1F393D7A8840,MUS-HK\N348805,2026-03-28 08:37:32.929,,,,,,,,FRTBGIRRVega,,
400450,20260327,FRTB,Flatten,,MUSI,MS,SSU,Book-Y2,,,,SSU00330,1.0,,,,,,,,,,Murex System Limitation | (Abdullah Alam);Flatten SSU SSU00023 322 330 333; [Passthrough expired Loan TRS with SPV bonds that remain live/ Financing structures. P&L Flat.] | Recurring,Stage,7F63F735-5A48-46B9-A9FA-0598DC3268D9,MUS-HK\N348805,2026-03-28 08:37:32.929,,,,,,,,FRTBCSRDelta,,
400451,20260327,FRTB,Flatten,,MUSI,MS,SSU,Book-Y1,,,,SSU00330,1.0,,,,,,,,,,Murex System Limitation | (Abdullah Alam);Flatten SSU SSU00023 322 330 333; [Passthrough expired Loan TRS with SPV bonds that remain live/ Financing structures. P&L Flat.] | Recurring,Stage,A05F6D59-19DB-4EBC-BC70-328EDA87635A,MUS-HK\N348805,2026-03-28 08:37:32.929,,,,,,,,FRTBCSRDelta,,
400452,20260327,FRTB,Flatten,,MUSI,MS,SSU,Book-Y1,,,,SSU00330,1.0,,,,,,,,,,Murex System Limitation | (Abdullah Alam);Flatten SSU SSU00023 322 330 333; [Passthrough expired Loan TRS with SPV bonds that remain live/ Financing structures. P&L Flat.] | Recurring,Stage,811A7836-4204-4049-A8ED-680D3104DB8D,MUS-HK\N348805,2026-03-28 08:37:32.929,,,,,,,,FRTBDRC,,
400453,20260327,FRTB,Flatten,,MUSI,MS,SSU,Book-Y1,,,,SSU00330,1.0,,,,,,,,,,Murex System Limitation | (Abdullah Alam);Flatten SSU SSU00023 322 330 333; [Passthrough expired Loan TRS with SPV bonds that remain live/ Financing structures. P&L Flat.] | Recurring,Stage,1BFB5627-2068-4E8C-A83E-903DB32BF617,MUS-HK\N348805,2026-03-28 08:37:32.929,,,,,,,,FRTBGIRRCurvature,,
400454,20260327,FRTB,Flatten,,MUSI,MS,SSU,Book-Y1,,,,SSU00330,1.0,,,,,,,,,,Murex System Limitation | (Abdullah Alam);Flatten SSU SSU00023 322 330 333; [Passthrough expired Loan TRS with SPV bonds that remain live/ Financing structures. P&L Flat.] | Recurring,Stage,94753A80-23E3-44EC-8585-1FD74CFF408B,MUS-HK\N348805,2026-03-28 08:37:32.929,,,,,,,,FRTBGIRRDelta,,
400455,20260327,FRTB,Flatten,,MUSI,MS,SSU,Book-Y1,,,,SSU00330,1.0,,,,,,,,,,Murex System Limitation | (Abdullah Alam);Flatten SSU SSU00023 322 330 333; [Passthrough expired Loan TRS with SPV bonds that remain live/ Financing structures. P&L Flat.] | Recurring,Stage,E0C0E770-52B5-440D-9AA5-98C73542C7E0,MUS-HK\N348805,2026-03-28 08:37:32.929,,,,,,,,FRTBGIRRVega,,
400456,20260327,FRTB,Flatten,,MUSI,MS,SSU,Book-Y2,,,,SSU00330,1.0,,,,,,,,,,Murex System Limitation | (Abdullah Alam);Flatten SSU SSU00023 322 330 333; [Passthrough expired Loan TRS with SPV bonds that remain live/ Financing structures. P&L Flat.] | Recurring,Stage,68002053-FEE1-46DB-BE72-0206B39826F6,MUS-HK\N348805,2026-03-28 08:37:32.929,,,,,,,,FRTBDRC,,
400457,20260327,FRTB,Flatten,,MUSI,MS,SSU,Book-Y2,,,,SSU00330,1.0,,,,,,,,,,Murex System Limitation | (Abdullah Alam);Flatten SSU SSU00023 322 330 333; [Passthrough expired Loan TRS with SPV bonds that remain live/ Financing structures. P&L Flat.] | Recurring,Stage,25C74BAD-9146-43B1-96FD-6D4F2406E4A8,MUS-HK\N348805,2026-03-28 08:37:32.929,,,,,,,,FRTBGIRRDelta,,
400458,20260327,FRTB,Flatten,,MUSI,MS,SSU,Book-Y2,,,,SSU00330,1.0,,,,,,,,,,Murex System Limitation | (Abdullah Alam);Flatten SSU SSU00023 322 330 333; [Passthrough expired Loan TRS with SPV bonds that remain live/ Financing structures. P&L Flat.] | Recurring,Stage,5665BB37-AA1A-465E-A606-AEDD3C646152,MUS-HK\N348805,2026-03-28 08:37:32.929,,,,,,,,FRTBGIRRVega,,
400459,20260327,FRTB,Flatten,,MUSI,MS,SSU,Book-Y3,,,,SSU00332,1.0,,,,,,,,,,Murex System Limitation | (Abdullah Alam);Flatten SSU SSU00023 322 330 333; [Passthrough expired Loan TRS with SPV bonds that remain live/ Financing structures. P&L Flat.] | Recurring,Stage,8CDB70A2-1D75-41F8-8D58-A672552516BC,MUS-HK\N348805,2026-03-28 08:37:32.929,,,,,,,,FRTBGIRRDelta,,
400460,20260327,FRTB,Flatten,,MUSI,MS,SSU,Book-Y3,,,,SSU00332,1.0,,,,,,,,,,Murex System Limitation | (Abdullah Alam);Flatten SSU SSU00023 322 330 333; [Passthrough expired Loan TRS with SPV bonds that remain live/ Financing structures. P&L Flat.] | Recurring,Stage,802EA656-E88C-40EE-870F-B76B3380E4A8,MUS-HK\N348805,2026-03-28 08:37:32.929,,,,,,,,FRTBGIRRVega,,
400461,20260327,FRTB,Flatten,,MUSI,QS,ESG,Book-ED4,,,,,1.0,,,,,,,,,,"Murex System Limitation | (Abdullah Alam);Flatten ESG;[Static data issues on VisaB2 , distorting the capital charge as punitive Risk bucket is assigned] | Recurring",Stage,1E96397A-A38F-4611-9E74-50074A549ACB,MUS-HK\N348805,2026-03-28 08:37:32.929,,US92826C8394 US,,,,,,FRTBDRC,,
400462,20260327,FRTB,Flatten,,MUSI,MS,ESG,Book-ED4,,,,,1.0,,,,,,,,,,"Murex System Limitation | (Abdullah Alam);Flatten ESG;[Static data issues on VisaB2 , distorting the capital charge as punitive Risk bucket is assigned] | Recurring",Stage,B5A23866-1B2C-45F4-8AA9-FEB581CB079F,MUS-HK\N348805,2026-03-28 08:37:32.929,,US92826C8394 US,,,,,,FRTBDRC,,
400463,20260327,FRTB,Flatten,,MUSI,MS,ESB,Book-EDJ,,,,,1.0,,,,,,,,,,"Murex System Limitation | (Abdullah Alam);Flatten ESB; Book-EJA;[Static data issues on VisaB2 , distorting the capital charge as punitive Risk bucket is assigned] | Recurring",Stage,FDA4F31F-0A94-4D8B-875E-CE7121955C91,MUS-HK\N348805,2026-03-28 08:37:32.929,,US92826C8394 US,,,,,,FRTBEqSpotDelta,,
400464,20260327,FRTB,Flatten,,MUSI,MS,ESG,Book-ED4,,,,,1.0,,,,,,,,,,"Murex System Limitation | (Abdullah Alam);Flatten ESB; Book-EJA;[Static data issues on VisaB2 , distorting the capital charge as punitive Risk bucket is assigned] | Recurring",Stage,BE0E1DC8-83AE-4B9A-B989-346031FA982D,MUS-HK\N348805,2026-03-28 08:37:32.929,,,,,,,,FRTBEqSpotDelta,,
400465,20260327,FRTB,Flatten,,MUSI,MS,ESB,Book-EJ2,,,,,1.0,,,,,,,,,,"Murex System Limitation | (Abdullah Alam);Flatten ESB; Book-ej2;[Static data issues on VisaB2 , distorting the capital charge as punitive Risk bucket is assigned] | Recurring",Stage,40D51889-5CD6-415D-982F-3EF3C640D60F,MUS-HK\N348805,2026-03-28 08:37:32.929,,US92826C8394 US,,,,,,FRTBEqDelta,,
400466,20260327,FRTB,Flatten,,MUSI,MS,ESB,Book-EJA,,,,,1.0,,,,,,,,,,"Murex System Limitation | (Abdullah Alam);Flatten ESB; Book-EJA;[Static data issues on VisaB2 , distorting the capital charge as punitive Risk bucket is assigned] | Recurring",Stage,88F53F95-8311-41AD-A65F-3A9824C7ABAA,MUS-HK\N348805,2026-03-28 08:37:32.929,,US92826C8394 US,,,,,,FRTBEqDelta,,
400467,20260327,FRTB,Flatten,,MUSI,MS,TRY,BOOK-K,JPY,FNDI,,,1.0,,,,,,,,,,Murex System Limitation | (Abdullah Alam);Flatten TRY; Book-K; FNDI; JPY IR01 [System Limitation on FNDI Valuation] | Recurring,Stage,ADFC698C-51CC-4134-B797-4D4AB1606E63,MUS-HK\N348805,2026-03-28 08:37:32.929,,,,,,,,FRTBGIRRDelta,,
400468,20260327,FRTB,Flatten,,MUSI,MS,SSU,Book-Y3,,,,SSU00332,1.0,,,,,,,,,,Murex System Limitation | (Abdullah Alam);Flatten SSU SSU00023 322 330 333; [Passthrough expired Loan TRS with SPV bonds that remain live/ Financing structures. P&L Flat.] | Recurring,Stage,BDC34D92-0DC6-47D1-A854-135C091AC009,MUS-HK\N348805,2026-03-28 08:37:32.929,,,,,,,,FRTBDRC,,
400469,20260327,FRTB,Flatten,,MUSI,MS,SSU,Book-Y3,,,,SSU00332,1.0,,,,,,,,,,Murex System Limitation | (Abdullah Alam);Flatten SSU SSU00023 322 330 333; [Passthrough expired Loan TRS with SPV bonds that remain live/ Financing structures. P&L Flat.] | Recurring,Stage,4B11EADF-27D2-472B-9726-CE944DCE2EE4,MUS-HK\N348805,2026-03-28 08:37:32.929,,,,,,,,FRTBGIRRCurvature,,
400470,20260327,FRTB,Flatten,,MUSI,QS,ESG,Book-ED4,,,,,1.0,,,,,,,,,,"Murex System Limitation | (Abdullah Alam);Flatten ESG;[Static data issues on VisaB2 , distorting the capital charge as punitive Risk bucket is assigned] | Recurring",Stage,F280D70E-B705-4ED7-95A9-BA092D37E745,MUS-HK\N348805,2026-03-28 08:37:32.929,,VISAB0000004 US,,,,,,FRTBDRC,,
400471,20260327,FRTB,Flatten,,MUSI,MS,ESG,Book-ED4,,,,,1.0,,,,,,,,,,"Murex System Limitation | (Abdullah Alam);Flatten ESG;[Static data issues on VisaB2 , distorting the capital charge as punitive Risk bucket is assigned] | Recurring",Stage,EF3C1309-2F23-4285-A6C8-4E31B641632C,MUS-HK\N348805,2026-03-28 08:37:32.929,,VISAB0000004 US,,,,,,FRTBDRC,,
400472,20260327,FRTB,Flatten,,MUSI,MS,ESG,Book-ED4,,,,,1.0,,,,,,,,,,"Murex System Limitation | (Abdullah Alam);Flatten ESG;[Static data issues on VisaB2 , distorting the capital charge as punitive Risk bucket is assigned] | Recurring",Stage,799909AF-6B17-472C-A444-9F524EE32086,MUS-HK\N348805,2026-03-28 08:37:32.929,,VISAB2000002 US,,,,,,FRTBDRC,,
400473,20260327,FRTB,Flatten,,MUSI,QS,ESG,,,,,,1.0,,,,,,,,,,"Murex System Limitation | (Abdullah Alam);Flatten ESG;[Static data issues on VisaB2 , distorting the capital charge as punitive Risk bucket is assigned] | Recurring",Stage,757AA97C-FACF-4BAE-AF88-0E6993707583,MUS-HK\N348805,2026-03-28 08:37:32.929,,,,,,,,FRTBEqSpotDelta,,
400474,20260327,FRTB,Flatten,,MUSI,MS,ESG,,,,,,1.0,,,,,,,,,,"Murex System Limitation | (Abdullah Alam);Flatten ESG;[Static data issues on VisaB2 , distorting the capital charge as punitive Risk bucket is assigned] | Recurring",Stage,9139CA49-47F6-4D3A-B077-B70CAA2EE725,MUS-HK\N348805,2026-03-28 08:37:32.929,,,,,,,,FRTBEqSpotDelta,,
400475,20260327,FRTB,Flatten,,MUSI,MS,RTU,Book-SNT,,,,,1.0,,,,,,,,,,IT-Other | (Bhilal Issa);Flatten RTU; BOOK-SNT; [ ]  | Recurring,Stage,89A4CFEA-CAE5-4824-AA02-14DB96A4911E,MUS-HK\N348805,2026-03-28 08:37:32.929,,,,,,,,FRTBGIRRDelta,,
400476,20260327,FRTB,Flatten,,MUSI,MS,ESG,Book-ED4,,,,,1.0,,,,,,,,,,"Murex System Limitation | (Abdullah Alam);Flatten ESG;[Static data issues on VisaB2 , distorting the capital charge as punitive Risk bucket is assigned] | Recurring",Stage,FEBF7933-D21F-4580-9C0B-B55541BC79D7,MUS-HK\N348805,2026-03-28 08:37:32.929,,VISAB0000004 US,,,,,,FRTBFxDelta,,
400477,20260327,FRTB,Flatten,,MUSI,MS,ESG,Book-ED4,,,,,1.0,,,,,,,,,,"Murex System Limitation | (Abdullah Alam);Flatten ESG;[Static data issues on VisaB2 , distorting the capital charge as punitive Risk bucket is assigned] | Recurring",Stage,A2FF23C2-F120-47E8-8342-7ACA53BDBBF9,MUS-HK\N348805,2026-03-28 08:37:32.929,,US92826C8394 US,,,,,,FRTBFxDelta,,
400478,20260327,FRTB,Flatten,,MUSI,MS,RTU,Book-SNT,,,,,1.0,,,,,,,,,,IT-Other | (Bhilal Issa);Flatten RTU; BOOK-SNT; [ ]  | Recurring,Stage,0BA04BDD-21D4-4D7E-91E2-2185C67B0681,MUS-HK\N348805,2026-03-28 08:37:32.929,,,,,,,,FRTBCSRDelta,,
400479,20260327,FRTB,Flatten,,MUSI,MS,ESG,Book-ED4,,,,,1.0,,,,,,,,,,"Murex System Limitation | (Abdullah Alam);Flatten ESG;[Static data issues on VisaB2 , distorting the capital charge as punitive Risk bucket is assigned] | Recurring",Stage,08C2C8F9-31DF-4A88-BED7-3730F4A1B946,MUS-HK\N348805,2026-03-28 08:37:32.929,,VISAB2000002 US,,,,,,FRTBFxDelta,,
400480,20260327,FRTB,Flatten,,MUSI,MS,ESG,Book-EJA,,,,,1.0,,,,,,,,,,"Murex System Limitation | (Abdullah Alam);Flatten ESB; Book-EJA;[Static data issues on VisaB2 , distorting the capital charge as punitive Risk bucket is assigned] | Recurring",Stage,9ED6C1CC-3786-411B-84DE-D9007D614B1F,MUS-HK\N348805,2026-03-28 08:37:32.929,,VISAB2000002 US,,,,,,FRTBEqDelta,,
400481,20260327,FRTB,Flatten,,MUSI,MS,ESG,Book-ED4,,,,,1.0,,,,,,,,,,"Murex System Limitation | (Abdullah Alam);Flatten ESG;[Static data issues on VisaB2 , distorting the capital charge as punitive Risk bucket is assigned] | Recurring",Stage,D90F7054-D9A8-420E-A2F1-44B6E93CA42E,MUS-HK\N348805,2026-03-28 08:37:32.929,,US92826C8394 US,,,,,,FRTBGIRRDelta,,
400482,20260327,FRTB,Flatten,,MUSI,MS,ESG,Book-ED4,,,,,1.0,,,,,,,,,,"Murex System Limitation | (Abdullah Alam);Flatten ESG;[Static data issues on VisaB2 , distorting the capital charge as punitive Risk bucket is assigned] | Recurring",Stage,53F682D3-984B-44C1-99E1-0C5DFE84294C,MUS-HK\N348805,2026-03-28 08:37:32.929,,VISAB2000002 US,,,,,,FRTBGIRRDelta,,
400483,20260327,FRTB,Flatten,,MUSI,MS,ESB,Book-EJA,,,,,1.0,,,,,,,,,,"Murex System Limitation | (Abdullah Alam);Flatten ESB; Book-ej2;[Static data issues on VisaB2 , distorting the capital charge as punitive Risk bucket is assigned] | Recurring",Stage,104226C6-E459-402B-A0FB-1E5D3E0D24E9,MUS-HK\N348805,2026-03-28 08:37:32.929,,VISAB0000004 US,,,,,,FRTBEqDelta,,
400484,20260327,FRTB,Flatten,,MUSI,MS,ESB,Book-EJA,,,,,1.0,,,,,,,,,,"Murex System Limitation | (Abdullah Alam);Flatten ESB; Book-ej2;[Static data issues on VisaB2 , distorting the capital charge as punitive Risk bucket is assigned] | Recurring",Stage,17FF65BD-9737-4ADB-9CD3-12BE5E8EC69C,MUS-HK\N348805,2026-03-28 08:37:32.929,,VISAB2000002 US,,,,,,FRTBEqDelta,,
400485,20260327,FRTB,Flatten,,MUSI,QS,ESB,Book-EJA,,,,,1.0,,,,,,,,,,"Murex System Limitation | (Abdullah Alam);Flatten ESB; Book-ej2;[Static data issues on VisaB2 , distorting the capital charge as punitive Risk bucket is assigned] | Recurring",Stage,B48DFB1B-D898-4076-9D7C-7CB3161DB1DA,MUS-HK\N348805,2026-03-28 08:37:32.929,,VISAB0000004 US,,,,,,FRTBEqDelta,,
400486,20260327,FRTB,Flatten,,MUSI,MS,RTU,Book-RGT,,,,,1.0,,,,,,,,,,Murex System Limitation | (Abdullah Alam);Flatten RTU; Book-RGT;[TLCK /BGDV Package. TLCK shows nil for FRTB CSR Delta] | Recurring,Stage,E7C55DE6-85AF-4E02-86AD-2F9879596FA1,MUS-HK\N348805,2026-03-28 08:37:32.929,,,,,,,,FRTBCSRDelta,,
400487,20260327,FRTB,Flatten,,MUSI,MS,SSA,Book-AA6,,,,,1.0,,,,,,,,,,Murex System Limitation | (Louis Chan);Flatten SSA; Book-AA6;TRSW vs flat Bond package not offsetting ] | Recurring,Stage,3F605427-4EF7-4D6A-A191-2904BC882C2A,MUS-HK\N348805,2026-03-28 08:37:32.929,,,,,,,,FRTBCSRDelta,,
400488,20260327,FRTB,Flatten,,MUSI,MS,SSA,Book-AA6,,,,,1.0,,,,,,,,,,Murex System Limitation | (Louis Chan);Flatten SSA; Book-AA6;TRSW vs flat Bond package not offsetting ] | Recurring,Stage,43185198-5D13-4DF2-A328-905F22434EB9,MUS-HK\N348805,2026-03-28 08:37:32.929,,,,,,,,FRTBGIRRDelta,,
400489,20260327,FRTB,Flatten,,MUSI,MS,SSU,Book-Y2,,,,SSU00330,1.0,,,,,,,,,,Murex System Limitation | (Abdullah Alam);Flatten SSU SSU00023 322 330 333; [Passthrough expired Loan TRS with SPV bonds that remain live/ Financing structures. P&L Flat.] | Recurring,Stage,24ACA834-5054-4F82-9792-31F29368E31C,MUS-HK\N348805,2026-03-28 08:37:32.929,,,,,,,,FRTBGIRRCurvature,,
400490,20260327,FRTB,Flatten,,MUSI,QS,ESB,Book-EJA,,,,,1.0,,,,,,,,,,"Murex System Limitation | (Abdullah Alam);Flatten ESB; Book-ej2;[Static data issues on VisaB2 , distorting the capital charge as punitive Risk bucket is assigned] | Recurring",Stage,8FB3D4DC-F19F-4C8D-A887-0A60B585F082,MUS-HK\N348805,2026-03-28 08:37:32.929,,VISAB2000002 US,,,,,,FRTBEqDelta,,
400491,20260327,FRTB,Flatten,,MUSI,QS,ESB,Book-EJ2,,,,,1.0,,,,,,,,,,"Murex System Limitation | (Abdullah Alam);Flatten ESB; Book-EJA;[Static data issues on VisaB2 , distorting the capital charge as punitive Risk bucket is assigned] | Recurring",Stage,FC257C8E-CFB2-42C3-B560-05F0F8BE533C,MUS-HK\N348805,2026-03-28 08:37:32.929,,US92826C8394 US,,,,,,FRTBEqDelta,,
400492,20260327,FRTB,Flatten,,MUSI,QS,ESB,Book-EJ2,,,,,1.0,,,,,,,,,,"Murex System Limitation | (Abdullah Alam);Flatten ESB; Book-ej2;[Static data issues on VisaB2 , distorting the capital charge as punitive Risk bucket is assigned] | Recurring",Stage,8A647985-45F4-4D72-AAC5-DB2D224FC186,MUS-HK\N348805,2026-03-28 08:37:32.929,,,,,,,,FRTBEqRepoDelta,,
400493,20260327,FRTB,Flatten,,MUSI,QS,ESB,Book-EJA,,,,,1.0,,,,,,,,,,"Murex System Limitation | (Abdullah Alam);Flatten ESB; Book-EJA;[Static data issues on VisaB2 , distorting the capital charge as punitive Risk bucket is assigned] | Recurring",Stage,474AA867-DD08-49EC-A492-38C6E44F6E9C,MUS-HK\N348805,2026-03-28 08:37:32.929,,,,,,,,FRTBEqRepoDelta,,
400494,20260327,FRTB,Flatten,,MUSI,MS,ESB,Book-EDJ,,,,,1.0,,,,,,,,,,"Murex System Limitation | (Abdullah Alam);Flatten ESB; Book-ej2;[Static data issues on VisaB2 , distorting the capital charge as punitive Risk bucket is assigned] | Recurring",Stage,C8F3E544-9A5D-4955-ADB0-C7E71A0F6052,MUS-HK\N348805,2026-03-28 08:37:32.929,,US92826C8394 US,,,,,,FRTBEqDelta,,
400495,20260327,FRTB,Flatten,,MUSI,QS,ESB,Book-EDJ,,,,,1.0,,,,,,,,,,"Murex System Limitation | (Abdullah Alam);Flatten ESB; Book-EJA;[Static data issues on VisaB2 , distorting the capital charge as punitive Risk bucket is assigned] | Recurring",Stage,D89A48AA-568F-4D0B-B7DB-4665A4245EC0,MUS-HK\N348805,2026-03-28 08:37:32.929,,,,,,,,FRTBEqRepoDelta,,
400496,20260327,FRTB,Flatten,,MUSI,QS,ESG,Book-ED4,,,,,1.0,,,,,,,,,,"Murex System Limitation | (Abdullah Alam);Flatten ESB; Book-EJA;[Static data issues on VisaB2 , distorting the capital charge as punitive Risk bucket is assigned] | Recurring",Stage,3A8924E3-E6BE-4A08-9B2C-2C09A89A0E60,MUS-HK\N348805,2026-03-28 08:37:32.929,,,,,,,,FRTBEqRepoDelta,,
400497,20260327,FRTB,Flatten,,MUSI,QS,ESB,Book-EJA,,,,,1.0,,,,,,,,,,"Murex System Limitation | (Abdullah Alam);Flatten ESB; Book-EJA;[Static data issues on VisaB2 , distorting the capital charge as punitive Risk bucket is assigned] | Recurring",Stage,497C68FA-FF4E-404A-863C-9EA12F4F4143,MUS-HK\N348805,2026-03-28 08:37:32.929,,US92826C8394 US,,,,,,FRTBEqDelta,,
400498,20260327,FRTB,Flatten,,MUSI,MS,ESB,Book-EJ2,,,,,1.0,,,,,,,,,,"Murex System Limitation | (Abdullah Alam);Flatten ESB; Book-ej2;[Static data issues on VisaB2 , distorting the capital charge as punitive Risk bucket is assigned] | Recurring",Stage,8DC3DFED-1B41-4354-99BC-3FDA6525E464,MUS-HK\N348805,2026-03-28 08:37:32.929,,VISAB0000004 US,,,,,,FRTBEqDelta,,
400499,20260327,FRTB,Flatten,,MUSI,MS,ESB,Book-EJ2,,,,,1.0,,,,,,,,,,"Murex System Limitation | (Abdullah Alam);Flatten ESB; Book-ej2;[Static data issues on VisaB2 , distorting the capital charge as punitive Risk bucket is assigned] | Recurring",Stage,F1803E26-3B8E-4D39-AEE6-57D933A07FF1,MUS-HK\N348805,2026-03-28 08:37:32.929,,VISAB2000002 US,,,,,,FRTBEqDelta,,
400500,20260327,FRTB,Flatten,,MUSI,MS,ESB,Book-EJ2,,,,,1.0,,,,,,,,,,"Murex System Limitation | (Abdullah Alam);Flatten ESB; Book-ej2;[Static data issues on VisaB2 , distorting the capital charge as punitive Risk bucket is assigned] | Recurring",Stage,16DB3C6F-AEFE-442E-A6F9-902C1EA6A510,MUS-HK\N348805,2026-03-28 08:37:32.929,,VISAB0000004 US,,,,,,FRTBEqSpotDelta,,
400501,20260327,FRTB,Flatten,,MUSI,QS,ESB,Book-EJ2,,,,,1.0,,,,,,,,,,"Murex System Limitation | (Abdullah Alam);Flatten ESB; Book-ej2;[Static data issues on VisaB2 , distorting the capital charge as punitive Risk bucket is assigned] | Recurring",Stage,5FE753D3-7419-4F6B-838E-F0E0A55CE4F1,MUS-HK\N348805,2026-03-28 08:37:32.929,,VISAB0000004 US,,,,,,FRTBEqDelta,,
400502,20260327,FRTB,Flatten,,MUSI,QS,ESB,Book-EJ2,,,,,1.0,,,,,,,,,,"Murex System Limitation | (Abdullah Alam);Flatten ESB; Book-ej2;[Static data issues on VisaB2 , distorting the capital charge as punitive Risk bucket is assigned] | Recurring",Stage,3A1B262A-CBB7-4000-96EA-2677BE8F2057,MUS-HK\N348805,2026-03-28 08:37:32.929,,VISAB2000002 US,,,,,,FRTBEqDelta,,
400503,20260327,FRTB,Flatten,,MUSI,MS,ESB,,,,,,1.0,,,,,,,,,,"Murex System Limitation | (Abdullah Alam);Flatten ESB; Book-ej2;[Static data issues on VisaB2 , distorting the capital charge as punitive Risk bucket is assigned] | Recurring",Stage,17979F07-6D6E-46DC-835E-ABAEA9CDCE5F,MUS-HK\N348805,2026-03-28 08:37:32.929,,,,,,,,FRTBEqSpotDelta,,
400504,20260327,FRTB,Flatten,,MUSI,QS,ESB,,,,,,1.0,,,,,,,,,,"Murex System Limitation | (Abdullah Alam);Flatten ESB; Book-EJA;[Static data issues on VisaB2 , distorting the capital charge as punitive Risk bucket is assigned] | Recurring",Stage,FED96459-F837-4955-9050-28EE19C755BF,MUS-HK\N348805,2026-03-28 08:37:32.929,,,,,,,,FRTBEqSpotDelta,,
400505,20260327,FRTB,Flatten,,MUSI,QS,ESG,Book-EJA,,,,,1.0,,,,,,,,,,"Murex System Limitation | (Abdullah Alam);Flatten ESB; Book-EJA;[Static data issues on VisaB2 , distorting the capital charge as punitive Risk bucket is assigned] | Recurring",Stage,4019D4DE-979C-470B-8F01-2B50AC2C7D3D,MUS-HK\N348805,2026-03-28 08:37:32.929,,VISAB2000002 US,,,,,,FRTBEqDelta,,
400506,20260327,FRTB,Flatten,,MUSI,MS,ESB,Book-EDJ,,,,,1.0,,,,,,,,,,"Murex System Limitation | (Abdullah Alam);Flatten ESB; Book-EJA;[Static data issues on VisaB2 , distorting the capital charge as punitive Risk bucket is assigned] | Recurring",Stage,8F539719-14BA-4C0A-9C18-F147B9E40ECD,MUS-HK\N348805,2026-03-28 08:37:32.929,,US92826C8394 US,,,,,,FRTBDRC,,
400507,20260327,FRTB,Flatten,,MUSI,MS,ESB,Book-EDJ,,,,,1.0,,,,,,,,,,"Murex System Limitation | (Abdullah Alam);Flatten ESB; Book-EJA;[Static data issues on VisaB2 , distorting the capital charge as punitive Risk bucket is assigned] | Recurring",Stage,4C8A5FC9-DD3E-4FA2-B68D-34F9F6EB014C,MUS-HK\N348805,2026-03-28 08:37:32.929,,VISAB0000004 US,,,,,,FRTBDRC,,
400508,20260327,FRTB,Flatten,,MUSI,QS,ESB,Book-EJ2,,,,,1.0,,,,,,,,,,"Murex System Limitation | (Abdullah Alam);Flatten ESB; Book-EJA;[Static data issues on VisaB2 , distorting the capital charge as punitive Risk bucket is assigned] | Recurring",Stage,CAF9E1BF-AC77-4078-B00C-1D7FF3B4513F,MUS-HK\N348805,2026-03-28 08:37:32.929,,US92826C8394 US,,,,,,FRTBDRC,,
400509,20260327,FRTB,Flatten,,MUSI,MS,ESB,Book-EJ2,,,,,1.0,,,,,,,,,,"Murex System Limitation | (Abdullah Alam);Flatten ESB; Book-ej2;[Static data issues on VisaB2 , distorting the capital charge as punitive Risk bucket is assigned] | Recurring",Stage,6C763819-4ED7-4068-8AD2-F78C424B4E5B,MUS-HK\N348805,2026-03-28 08:37:32.929,,US92826C8394 US,,,,,,FRTBDRC,,
400510,20260327,FRTB,Flatten,,MUSI,QS,ESB,Book-EJ2,,,,,1.0,,,,,,,,,,"Murex System Limitation | (Abdullah Alam);Flatten ESB; Book-EJA;[Static data issues on VisaB2 , distorting the capital charge as punitive Risk bucket is assigned] | Recurring",Stage,331FC383-C9EB-44BF-8465-2BE87F4700E9,MUS-HK\N348805,2026-03-28 08:37:32.929,,VISAB0000004 US,,,,,,FRTBDRC,,
400511,20260327,FRTB,Flatten,,MUSI,MS,ESB,Book-EJ2,,,,,1.0,,,,,,,,,,"Murex System Limitation | (Abdullah Alam);Flatten ESB; Book-ej2;[Static data issues on VisaB2 , distorting the capital charge as punitive Risk bucket is assigned] | Recurring",Stage,0FC3DC8A-B71E-43F0-8E93-69C46849AE74,MUS-HK\N348805,2026-03-28 08:37:32.929,,VISAB0000004 US,,,,,,FRTBDRC,,
400512,20260327,FRTB,Flatten,,MUSI,MS,ESB,Book-EJ2,,,,,1.0,,,,,,,,,,"Murex System Limitation | (Abdullah Alam);Flatten ESB; Book-EJA;[Static data issues on VisaB2 , distorting the capital charge as punitive Risk bucket is assigned] | Recurring",Stage,15DC6E39-E136-4B01-A340-D474D153EDA2,MUS-HK\N348805,2026-03-28 08:37:32.929,,VISAB2000002 US,,,,,,FRTBDRC,,
400513,20260327,FRTB,Flatten,,MUSI,QS,ESB,Book-EJA,,,,,1.0,,,,,,,,,,"Murex System Limitation | (Abdullah Alam);Flatten ESB; Book-EJA;[Static data issues on VisaB2 , distorting the capital charge as punitive Risk bucket is assigned] | Recurring",Stage,D7440550-87EF-4065-9897-914DF1CA8CB7,MUS-HK\N348805,2026-03-28 08:37:32.929,,US92826C8394 US,,,,,,FRTBDRC,,
400514,20260327,FRTB,Flatten,,MUSI,MS,ESB,Book-EJA,,,,,1.0,,,,,,,,,,"Murex System Limitation | (Abdullah Alam);Flatten ESB; Book-ej2;[Static data issues on VisaB2 , distorting the capital charge as punitive Risk bucket is assigned] | Recurring",Stage,4CBBCB20-9A69-41C4-8F11-7F7D261E0B2C,MUS-HK\N348805,2026-03-28 08:37:32.929,,US92826C8394 US,,,,,,FRTBDRC,,
400515,20260327,FRTB,Flatten,,MUSI,QS,ESB,Book-EJA,,,,,1.0,,,,,,,,,,"Murex System Limitation | (Abdullah Alam);Flatten ESB; Book-EJA;[Static data issues on VisaB2 , distorting the capital charge as punitive Risk bucket is assigned] | Recurring",Stage,F6EF4C51-38BC-470D-BAF5-1DC6DB3C141A,MUS-HK\N348805,2026-03-28 08:37:32.929,,VISAB0000004 US,,,,,,FRTBDRC,,
400516,20260327,FRTB,Flatten,,MUSI,MS,ESB,Book-EJA,,,,,1.0,,,,,,,,,,"Murex System Limitation | (Abdullah Alam);Flatten ESB; Book-ej2;[Static data issues on VisaB2 , distorting the capital charge as punitive Risk bucket is assigned] | Recurring",Stage,4DF837AF-7C46-448D-B321-87018E07619A,MUS-HK\N348805,2026-03-28 08:37:32.929,,VISAB0000004 US,,,,,,FRTBDRC,,
400517,20260327,FRTB,Flatten,,MUSI,MS,ESB,Book-EJA,,,,,1.0,,,,,,,,,,"Murex System Limitation | (Abdullah Alam);Flatten ESB; Book-EJA;[Static data issues on VisaB2 , distorting the capital charge as punitive Risk bucket is assigned] | Recurring",Stage,DD47D316-B175-4DC9-B5A5-CE2AAFEFD13F,MUS-HK\N348805,2026-03-28 08:37:32.929,,VISAB2000002 US,,,,,,FRTBDRC,,
400518,20260327,FRTB,Flatten,,MUSI,MS,ESB,Book-EDJ,,,,,1.0,,,,,,,,,,"Murex System Limitation | (Abdullah Alam);Flatten ESB; Book-EJA;[Static data issues on VisaB2 , distorting the capital charge as punitive Risk bucket is assigned] | Recurring",Stage,7F7B7D0F-E5B0-4287-A3E9-B9935939B548,MUS-HK\N348805,2026-03-28 08:37:32.929,,US92826C8394 US,,,,,,FRTBFxDelta,,
400519,20260327,FRTB,Flatten,,MUSI,MS,ESB,Book-EDJ,,,,,1.0,,,,,,,,,,"Murex System Limitation | (Abdullah Alam);Flatten ESB; Book-EJA;[Static data issues on VisaB2 , distorting the capital charge as punitive Risk bucket is assigned] | Recurring",Stage,29BA9A4D-8C21-45B4-B02B-0FAEA75862CA,MUS-HK\N348805,2026-03-28 08:37:32.929,,VISAB0000004 US,,,,,,FRTBFxDelta,,
400520,20260327,FRTB,Flatten,,MUSI,QS,ESB,Book-EJ2,,,,,1.0,,,,,,,,,,"Murex System Limitation | (Abdullah Alam);Flatten ESB; Book-EJA;[Static data issues on VisaB2 , distorting the capital charge as punitive Risk bucket is assigned] | Recurring",Stage,DAEC7E48-2010-4B1D-A962-FED357C92221,MUS-HK\N348805,2026-03-28 08:37:32.929,,US92826C8394 US,,,,,,FRTBFxDelta,,
400521,20260327,FRTB,Flatten,,MUSI,MS,ESB,Book-EJ2,,,,,1.0,,,,,,,,,,"Murex System Limitation | (Abdullah Alam);Flatten ESB; Book-ej2;[Static data issues on VisaB2 , distorting the capital charge as punitive Risk bucket is assigned] | Recurring",Stage,844F8ABE-6456-4593-8D72-6418F87525FF,MUS-HK\N348805,2026-03-28 08:37:32.929,,US92826C8394 US,,,,,,FRTBFxDelta,,
400522,20260327,FRTB,Flatten,,MUSI,QS,ESB,Book-EJ2,,,,,1.0,,,,,,,,,,"Murex System Limitation | (Abdullah Alam);Flatten ESB; Book-EJA;[Static data issues on VisaB2 , distorting the capital charge as punitive Risk bucket is assigned] | Recurring",Stage,8C122BB7-61AD-42C3-AC00-13175A59B428,MUS-HK\N348805,2026-03-28 08:37:32.929,,VISAB0000004 US,,,,,,FRTBFxDelta,,
400523,20260327,FRTB,Flatten,,MUSI,MS,ESB,Book-EJ2,,,,,1.0,,,,,,,,,,"Murex System Limitation | (Abdullah Alam);Flatten ESB; Book-ej2;[Static data issues on VisaB2 , distorting the capital charge as punitive Risk bucket is assigned] | Recurring",Stage,6AD241F0-9307-49A4-8F73-652DBDE8E830,MUS-HK\N348805,2026-03-28 08:37:32.929,,VISAB0000004 US,,,,,,FRTBFxDelta,,
400524,20260327,FRTB,Flatten,,MUSI,MS,ESB,Book-EJ2,,,,,1.0,,,,,,,,,,"Murex System Limitation | (Abdullah Alam);Flatten ESB; Book-EJA;[Static data issues on VisaB2 , distorting the capital charge as punitive Risk bucket is assigned] | Recurring",Stage,8C5FAF17-D518-4AF8-9C70-E53132862975,MUS-HK\N348805,2026-03-28 08:37:32.929,,VISAB2000002 US,,,,,,FRTBFxDelta,,
400525,20260327,FRTB,Flatten,,MUSI,QS,ESB,Book-EJA,,,,,1.0,,,,,,,,,,"Murex System Limitation | (Abdullah Alam);Flatten ESB; Book-EJA;[Static data issues on VisaB2 , distorting the capital charge as punitive Risk bucket is assigned] | Recurring",Stage,3FB2AFC1-7872-4C3A-92B0-49F509B242C1,MUS-HK\N348805,2026-03-28 08:37:32.929,,US92826C8394 US,,,,,,FRTBFxDelta,,
400526,20260327,FRTB,Flatten,,MUSI,MS,ESB,Book-EJA,,,,,1.0,,,,,,,,,,"Murex System Limitation | (Abdullah Alam);Flatten ESB; Book-ej2;[Static data issues on VisaB2 , distorting the capital charge as punitive Risk bucket is assigned] | Recurring",Stage,9CA1048B-515D-4294-BD39-50AEE0F780F6,MUS-HK\N348805,2026-03-28 08:37:32.929,,US92826C8394 US,,,,,,FRTBFxDelta,,
400527,20260327,FRTB,Flatten,,MUSI,QS,ESB,Book-EJA,,,,,1.0,,,,,,,,,,"Murex System Limitation | (Abdullah Alam);Flatten ESB; Book-EJA;[Static data issues on VisaB2 , distorting the capital charge as punitive Risk bucket is assigned] | Recurring",Stage,B1D47C55-2757-4549-9F2B-09F3C1F6C57B,MUS-HK\N348805,2026-03-28 08:37:32.929,,VISAB0000004 US,,,,,,FRTBFxDelta,,
400528,20260327,FRTB,Flatten,,MUSI,MS,ESB,Book-EJA,,,,,1.0,,,,,,,,,,"Murex System Limitation | (Abdullah Alam);Flatten ESB; Book-ej2;[Static data issues on VisaB2 , distorting the capital charge as punitive Risk bucket is assigned] | Recurring",Stage,286DD6BF-FEEE-47B4-B123-B4C680408033,MUS-HK\N348805,2026-03-28 08:37:32.929,,VISAB0000004 US,,,,,,FRTBFxDelta,,
400529,20260327,FRTB,Flatten,,MUSI,MS,ESB,Book-EJA,,,,,1.0,,,,,,,,,,"Murex System Limitation | (Abdullah Alam);Flatten ESB; Book-EJA;[Static data issues on VisaB2 , distorting the capital charge as punitive Risk bucket is assigned] | Recurring",Stage,F4F97748-6980-4A87-8472-DC30BE9BE722,MUS-HK\N348805,2026-03-28 08:37:32.929,,VISAB2000002 US,,,,,,FRTBFxDelta,,
400530,20260327,FRTB,Flatten,,MUSI,MS,ESB,Book-EDJ,,,,,1.0,,,,,,,,,,"Murex System Limitation | (Abdullah Alam);Flatten ESB; Book-EJA;[Static data issues on VisaB2 , distorting the capital charge as punitive Risk bucket is assigned] | Recurring",Stage,C677148A-3D96-4449-835F-E813E6A4F721,MUS-HK\N348805,2026-03-28 08:37:32.929,,US92826C8394 US,,,,,,FRTBGIRRDelta,,
400531,20260327,FRTB,Flatten,,MUSI,MS,ESB,Book-EDJ,,,,,1.0,,,,,,,,,,"Murex System Limitation | (Abdullah Alam);Flatten ESB; Book-EJA;[Static data issues on VisaB2 , distorting the capital charge as punitive Risk bucket is assigned] | Recurring",Stage,12C533D3-407D-4AAA-9BB4-AC5FA007651F,MUS-HK\N348805,2026-03-28 08:37:32.929,,VISAB0000004 US,,,,,,FRTBGIRRDelta,,
400532,20260327,FRTB,Flatten,,MUSI,QS,ESB,Book-EJ2,,,,,1.0,,,,,,,,,,"Murex System Limitation | (Abdullah Alam);Flatten ESB; Book-EJA;[Static data issues on VisaB2 , distorting the capital charge as punitive Risk bucket is assigned] | Recurring",Stage,937A3B0D-CDF9-498A-B740-A51C9AFCE233,MUS-HK\N348805,2026-03-28 08:37:32.929,,US92826C8394 US,,,,,,FRTBGIRRDelta,,
400533,20260327,FRTB,Flatten,,MUSI,MS,ESB,Book-EJ2,,,,,1.0,,,,,,,,,,"Murex System Limitation | (Abdullah Alam);Flatten ESB; Book-ej2;[Static data issues on VisaB2 , distorting the capital charge as punitive Risk bucket is assigned] | Recurring",Stage,5F8E9511-B1FB-42C1-9879-6A5011E7BCA5,MUS-HK\N348805,2026-03-28 08:37:32.929,,US92826C8394 US,,,,,,FRTBGIRRDelta,,
400534,20260327,FRTB,Flatten,,MUSI,QS,ESB,Book-EJ2,,,,,1.0,,,,,,,,,,"Murex System Limitation | (Abdullah Alam);Flatten ESB; Book-EJA;[Static data issues on VisaB2 , distorting the capital charge as punitive Risk bucket is assigned] | Recurring",Stage,88265ACD-5DA5-4A0C-998F-4E103F30AD8D,MUS-HK\N348805,2026-03-28 08:37:32.929,,VISAB0000004 US,,,,,,FRTBGIRRDelta,,
400535,20260327,FRTB,Flatten,,MUSI,MS,ESB,Book-EJ2,,,,,1.0,,,,,,,,,,"Murex System Limitation | (Abdullah Alam);Flatten ESB; Book-ej2;[Static data issues on VisaB2 , distorting the capital charge as punitive Risk bucket is assigned] | Recurring",Stage,85AAA620-9BEF-46C5-8813-7DEC6B7824F4,MUS-HK\N348805,2026-03-28 08:37:32.929,,VISAB0000004 US,,,,,,FRTBGIRRDelta,,
400536,20260327,FRTB,Flatten,,MUSI,MS,ESB,Book-EJ2,,,,,1.0,,,,,,,,,,"Murex System Limitation | (Abdullah Alam);Flatten ESB; Book-EJA;[Static data issues on VisaB2 , distorting the capital charge as punitive Risk bucket is assigned] | Recurring",Stage,BA314A43-67D1-49F4-8E99-35C3EE971F68,MUS-HK\N348805,2026-03-28 08:37:32.929,,VISAB2000002 US,,,,,,FRTBGIRRDelta,,
400537,20260327,FRTB,Flatten,,MUSI,QS,ESB,Book-EJA,,,,,1.0,,,,,,,,,,"Murex System Limitation | (Abdullah Alam);Flatten ESB; Book-EJA;[Static data issues on VisaB2 , distorting the capital charge as punitive Risk bucket is assigned] | Recurring",Stage,00E1FEB6-8F0C-4A8C-9734-6987DB16083E,MUS-HK\N348805,2026-03-28 08:37:32.929,,US92826C8394 US,,,,,,FRTBGIRRDelta,,
400538,20260327,FRTB,Flatten,,MUSI,MS,ESB,Book-EJA,,,,,1.0,,,,,,,,,,"Murex System Limitation | (Abdullah Alam);Flatten ESB; Book-ej2;[Static data issues on VisaB2 , distorting the capital charge as punitive Risk bucket is assigned] | Recurring",Stage,A2E68183-7D67-4007-BF80-DF82BF5DA2E3,MUS-HK\N348805,2026-03-28 08:37:32.929,,US92826C8394 US,,,,,,FRTBGIRRDelta,,
400539,20260327,FRTB,Flatten,,MUSI,QS,ESB,Book-EJA,,,,,1.0,,,,,,,,,,"Murex System Limitation | (Abdullah Alam);Flatten ESB; Book-EJA;[Static data issues on VisaB2 , distorting the capital charge as punitive Risk bucket is assigned] | Recurring",Stage,A5FFC5DC-41A0-4D73-BCD0-7586A8C8D3AE,MUS-HK\N348805,2026-03-28 08:37:32.929,,VISAB0000004 US,,,,,,FRTBGIRRDelta,,
400540,20260327,FRTB,Flatten,,MUSI,MS,ESB,Book-EJA,,,,,1.0,,,,,,,,,,"Murex System Limitation | (Abdullah Alam);Flatten ESB; Book-ej2;[Static data issues on VisaB2 , distorting the capital charge as punitive Risk bucket is assigned] | Recurring",Stage,C9425953-5879-4ACD-A382-C6912D66E39B,MUS-HK\N348805,2026-03-28 08:37:32.929,,VISAB0000004 US,,,,,,FRTBGIRRDelta,,
400541,20260327,FRTB,Flatten,,MUSI,MS,ESB,Book-EJA,,,,,1.0,,,,,,,,,,"Murex System Limitation | (Abdullah Alam);Flatten ESB; Book-EJA;[Static data issues on VisaB2 , distorting the capital charge as punitive Risk bucket is assigned] | Recurring",Stage,5F85CCCB-6078-4B31-AC61-7D3534840D85,MUS-HK\N348805,2026-03-28 08:37:32.929,,VISAB2000002 US,,,,,,FRTBGIRRDelta,,
400542,20260327,FRTB,Scale,20260326,MUSI,QS,GBF,Book-A8,,,,SV937955,1.0,,,,,,,,,,Murex System Limitation | (Abdullah Alam);Flatten GBF Book-A8 SV937955;All FRTB except FRTB FX;[Strategies are market risk flat] | Recurring,Stage,AD50C164-98A3-48D8-B31A-E5D72EEC33F1,MUS-HK\N348805,2026-03-28 08:42:49.745,,,,,,,,FRTBFxDelta,,
400543,20260327,Sensitivity,Flatten,,MUSUSA,MS,CTG,HLOP,,EQTT,,,1.0,,,,,,,,,,Model Limitation | (George Hansman);Flatten CTG EQTT;Bond ETF instruments; [Bond ETF flatting equity exposure] | Recurring,Stage,82067860-EB90-4AB1-803F-063A07286D34,MUS-HK\N348805,2026-03-28 08:48:14.608,,US4642895118 US,,,,,,,,
400544,20260327,Sensitivity,Flatten,,MUSUSA,MS,CTG,HLOP,,EQTT,,,1.0,,,,,,,,,,Model Limitation | (George Hansman);Flatten CTG EQTT;Bond ETF instruments; [Bond ETF flatting equity exposure] | Recurring,Stage,15A26F79-A072-4818-9EB3-CC5294335149,MUS-HK\N348805,2026-03-28 08:48:14.608,,US4642886380 US,,,,,,,,
400545,20260327,Sensitivity,Flatten,,MUSI,MS,RTU,Book-EDM,,,,,1.0,,,,,,,,,,IT-Other | (Bhilal Issa);Flatten RTU; Book-EDM; CS01;[Limitation as now CS01 risk is produced for Bond Forward typo] | Recurring,Stage,8007457C-59E6-41CE-AEFD-757FAD9F4B7C,MUS-HK\N348805,2026-03-28 08:48:14.608,,,,,,,,CS01,,
400546,20260327,Sensitivity,Flatten,,MUSUSA,MS,CTG,,,EQTT,,,1.0,,,,,,,,,,Model Limitation | (George Hansman);Flatten CTG EQTT;Bond ETF instruments; [Bond ETF flatting equity exposure] | Recurring,Stage,C306D5F6-0020-46FD-812D-25BBF0BFFC2F,MUS-HK\N348805,2026-03-28 08:48:14.608,,US92206C8709 US,,,,,,,,
400547,20260327,Sensitivity,Flatten,,MUSI,MS,RTU,Book-SNT,,,,,1.0,,,,,,,,,,"IT-Other | (Bhilal Issa);Flatten RTU; Book-SNT; VaR, Stress & CS01; [Missing offsetting position from TRSW] | Recurring",Stage,48FA858D-358E-4E39-A3C3-3DD246CD65DD,MUS-HK\N348805,2026-03-28 08:48:14.608,,,,,,,,CS01,,
400548,20260327,Sensitivity,Flatten,,MUSUSA,MS,CTG,,,EQTT,,,1.0,,,,,,,,,,Model Limitation | (George Hansman);Flatten CTG EQTT;Bond ETF instruments; [Bond ETF flatting equity exposure] | Recurring,Stage,AD4D589F-C1BD-4953-B148-4F6D103C9F95,MUS-HK\N348805,2026-03-28 08:48:14.608,,US4642872422 US,,,,,,,,
400549,20260327,Sensitivity,Flatten,,MUSUSA,MS,CTG,HLOP,,EQTT,,,1.0,,,,,,,,,,Model Limitation | (George Hansman);Flatten CTG EQTT;Bond ETF instruments; [Bond ETF flatting equity exposure] | Recurring,Stage,259A7E95-DB0E-4AE4-A0F5-ED2C58A6A868,MUS-HK\N348805,2026-03-28 08:48:14.608,,US4642872422 US,,,,,,,,
400550,20260327,Sensitivity,Flatten,,MUSI,MS,,,,FEXF,,,1.0,,,,,,,,,,Murex System Limitation | (Abdullah Alam);Flatten MUSI; Typology FEXF FxDeltaExp [Double Counting on PV] | Recurring,Stage,2DA253E6-2ACA-4BCE-AD28-AAC9BBE61604,MUS-HK\N348805,2026-03-28 08:48:14.608,,,,,,,,FxDeltaExp,,
400551,20260327,Sensitivity,Flatten,,MUSI,MS,,,,FEXP,,,1.0,,,,,,,,,,Murex System Limitation | (Abdullah Alam);Flatten MUSI; Typology FEXP FxDeltaExp [Double Counting on PV] | Recurring,Stage,2299C485-1392-4A74-BB02-35F925BAB759,MUS-HK\N348805,2026-03-28 08:48:14.608,,,,,,,,FxDeltaExp,,
400552,20260327,Sensitivity,Flatten,,MUSI,MS,,,,FEXS,,,1.0,,,,,,,,,,Murex System Limitation | (Abdullah Alam);Flatten MUSI; Typology FEXS FxDeltaExp [Double Counting on PV] | Recurring,Stage,6752465C-8AB6-47FE-BC81-E6C88CA0B06B,MUS-HK\N348805,2026-03-28 08:48:14.608,,,,,,,,FxDeltaExp,,
400553,20260327,Sensitivity,Flatten,,MUSUSA,MS,CTG,AAOP,,EQTT,,,1.0,,,,,,,,,,Model Limitation | (George Hansman);Flatten CTG EQTT;Bond ETF instruments; [Bond ETF flatting equity exposure] | Recurring,Stage,B4E637FA-6A66-4565-AD3F-FFC69FE3A26B,MUS-HK\N348805,2026-03-28 08:48:14.608,,US4642872422 US,,,,,,,,
400554,20260327,Sensitivity,Flatten,,MUSUSA,MS,CTG,RPOP,,EQTT,,,1.0,,,,,,,,,,Model Limitation | (George Hansman);Flatten CTG EQTT;Bond ETF instruments; [Bond ETF flatting equity exposure] | Recurring,Stage,1AD39D78-9E26-42FA-B02F-EF71A8DCD6F0,MUS-HK\N348805,2026-03-28 08:48:14.608,,US4642872422 US,,,,,,,,
400555,20260327,Stress,Flatten,,MUSI,QP,EFE,Book-GIX,,,,,1.0,,,,,,,,,,IT-Other | (Abdullah Alam);Flatten EFE; Book-GIX; stresses;[Decomposed Index Risk] | Recurring,Stage,6F8093B7-59EB-47A5-8E11-7A6FBD9B81E6,MUS-HK\N348805,2026-03-28 09:29:21.462,,,,,,,,,,
400556,20260327,Stress,Scale,20260326,MUSI,QP,,BOOK-68A,,,,,1.0,,,,,,,,,,IT-Other | (Abdullah Alam); Roll RTG; MRM_M_PARA_CR_Remote_Flattener_PCS [Populate Null values with zero in order to fix MRM_M_PARA_CreditSevere] | Recurring,Stage,E6194E66-90A0-4A63-B1E3-66334D6DB54C,MUS-HK\N348805,2026-03-28 09:30:05.847,,,MRM_M_PARA_CR_REMOTE_FLATTENER_PCS,,,,,,,
400557,20260327,Stress,Flatten,,MUSI,QP,TRY,Book-K3,,FNDI,,,1.0,,,,,,,,,,IT-Other | (Abdullah Alam); Adjust TRY; Book-K3; FNDI; Stresses [System limitation on FNDI valuation] | Recurring,Stage,757B87DA-FCF2-4B1C-BCB7-DED96984769B,MUS-HK\N348805,2026-03-28 09:30:05.847,,,MRM_S_PARA_RemoteRatesRally,,,,,,,
400558,20260327,Stress,Flatten,,MUSI,QP,TRY,Book-K3,,FNDI,,,1.0,,,,,,,,,,IT-Other | (Abdullah Alam); Adjust TRY; Book-K3; FNDI; Stresses [System limitation on FNDI valuation] | Recurring,Stage,601360C5-546F-44E4-8BDD-A28D5C2925B7,MUS-HK\N348805,2026-03-28 09:30:05.847,,,MRM_S_PARA_RemoteRatesRally_JPY,,,,,,,
400559,20260327,Stress,Flatten,,MUSI,QP,SSU,,,,,SSU00322,1.0,,,,,,,,,,QuIC System Limitation | (Abdullah Alam);Flatten SSU;multiple strategies;STR;[Expired SPV note] | Recurring,Stage,35F4AA38-E5B7-46C3-86F9-92EF1C09D07E,MUS-HK\N348805,2026-03-28 09:30:05.847,,,,,,,,,,
400560,20260327,Stress,Flatten,,MUSI,QP,SSU,,,,,SSU00330,1.0,,,,,,,,,,QuIC System Limitation | (Abdullah Alam);Flatten SSU;multiple strategies;STR;[Expired SPV note] | Recurring,Stage,F7B56D66-B3D8-46CB-A497-BA7E0F1091A7,MUS-HK\N348805,2026-03-28 09:30:05.847,,,,,,,,,,
400561,20260327,Stress,Scale,20260326,MUSI,QP,,BOOK-68A,,,,,1.0,,,,,,,,,,IT-Other | (Abdullah Alam);Roll RTG; MRM_M_PARA_CR_Standard_Flattener_PCS [Populate Null values with zero in order to fix MRM_M_PARA_CreditStandard] | Recurring,Stage,3B038F90-B64A-4F19-948D-F2D20261245D,MUS-HK\N348805,2026-03-28 09:30:05.847,,,MRM_M_PARA_CR_STANDARD_FLATTENER_PCS,,,,,,,
400562,20260327,Stress,Flatten,,MUSI,QP,,BOOK-RPI,,INSW,,OUT,1.0,,,,,,,,,,QuIC System Limitation | (Abdullah Alam);Flatten RTG; Book-RPI; Typology INSW; Strategy OUT; MRM_S_PARA_StdInflationRally & MRM_S_PARA_StdInflationSellOff [QuiC cannot handle inflation VaR for BDIN typo] | Recurring,Stage,D6D5D203-BDCB-41D4-A267-C98F35E4827D,MUS-HK\N348805,2026-03-28 09:30:05.847,,,MRM_S_PARA_STDINFLATIONRALLY,,,,,,,
400563,20260327,Stress,Flatten,,MUSI,QP,,BOOK-RPI,,INSW,,OUT,1.0,,,,,,,,,,QuIC System Limitation | (Abdullah Alam);Flatten RTG; Book-RPI; Typology INSW; Strategy OUT; MRM_S_PARA_StdInflationRally & MRM_S_PARA_StdInflationSellOff [QuiC cannot handle inflation VaR for BDIN typo] | Recurring,Stage,82DDAE26-E9A3-4090-ACE2-30EBC5DFEF9A,MUS-HK\N348805,2026-03-28 09:30:05.847,,,MRM_S_PARA_STDINFLATIONSELLOFF,,,,,,,
400564,20260327,Stress,Flatten,,MUSI,QP,TRY,Book-K3,,FNDI,,,1.0,,,,,,,,,,IT-Other | (Abdullah Alam);Adjust TRY; Book-K3; FNDI; Stresses [System limitation on FNDI valuation] | Recurring,Stage,D0C6BED2-E8BF-4253-87A7-5994E224905B,MUS-HK\N348805,2026-03-28 09:30:05.847,,,MRM_S_PARA_RemoteRatesSellOff,,,,,,,
400565,20260327,Stress,Flatten,,MUSI,QP,SSU,,,,,SSU00332,1.0,,,,,,,,,,QuIC System Limitation | (Abdullah Alam);Flatten SSU;multiple strategies;STR;[Expired SPV note] | Recurring,Stage,0648034E-C82D-49D5-B949-CB38724FACEF,MUS-HK\N348805,2026-03-28 09:30:05.847,,,,,,,,,,
400566,20260327,Stress,Flatten,,MUSI,QP,EFE,Book-GIX,,,,,1.0,,,,,,,,,,IT-Other | (Abdullah Alam);Flatten EFE; Book-GIX; stresses;[Decomposed Index Risk] | Recurring,Stage,B8C6A670-EA36-4D77-8C3A-1B5706FFC467,MUS-HK\N348805,2026-03-28 09:30:05.847,,,,,,,,,,
400567,20260327,Stress,Flatten,,MUSI,QP,GBF,Book-A8,,DFSW,78852846,SSE00036,1.0,,,,,,,,,,QuIC System Limitation | (Bhilal Issa);Flatten GBF Book-A8 SSE00036 75771911 DFSW;Stresses;[Part of package with offsetting CS01 missing due to typology limitation] | Recurring,Stage,8B301902-A712-4853-B675-30309862481A,MUS-HK\N348805,2026-03-28 09:30:05.847,,,,,,,,,,
400568,20260327,Stress,Flatten,,MUSI,QP,TRY,Book-K3,,FNDI,,,1.0,,,,,,,,,,IT-Other | (Abdullah Alam);Adjust TRY; Book-K3; FNDI; Stresses [System limitation on FNDI valuation] | Recurring,Stage,03587D77-99AF-43A7-A6A6-6D04ACF6FCA8,MUS-HK\N348805,2026-03-28 09:30:05.847,,,MRM_S_PARA_RemoteRatesSellOff_JPY,,,,,,,
400569,20260327,Stress,Flatten,,MUSI,QP,SSU,,,,,,1.0,,,,,,,,,,IT-Other | (Izzy Barclay);Flatten SSU;8 scenarios;[Incorrect Risk for new Historical Scenarios.  FX exposure component incorrect in stress.] | Recurring,Stage,6ED99DAC-E850-4802-8758-FFC9DF61BA0E,MUS-HK\N348805,2026-03-28 09:30:05.847,,,MRM_2008_Financial_Crisis_ALL,,,,,,,
400570,20260327,Stress,Flatten,,MUSI,QP,SSU,,,,,,1.0,,,,,,,,,,IT-Other | (Izzy Barclay);Flatten SSU;8 scenarios;[Incorrect Risk for new Historical Scenarios.  FX exposure component incorrect in stress.] | Recurring,Stage,71523E33-9BA0-4320-96E4-FB6EE945A17E,MUS-HK\N348805,2026-03-28 09:30:05.847,,,MRM_2020_Pandemic_ALL,,,,,,,
400571,20260327,Stress,Flatten,,MUSI,QP,CAP,Book-SUB,,,54424729,,1.0,,,,,,,,,,"IT-Other | (Abdullah Alam);Flatten CAP; Book-SUB;54424729,54424730,55925869 [5y vs 10y Callability bond package not correctly processed] | Recurring",Stage,F17E8EA8-C341-4F57-B204-EDC768F68DB0,MUS-HK\N348805,2026-03-28 09:30:05.847,,,,,,,,,,
400572,20260327,Stress,Flatten,,MUSI,QP,CAP,Book-SUB,,,54424730,,1.0,,,,,,,,,,"IT-Other | (Abdullah Alam);Flatten CAP; Book-SUB;54424729,54424730,55925869 [5y vs 10y Callability bond package not correctly processed] | Recurring",Stage,D9B6A050-D77F-4E44-B398-80F4B5227A91,MUS-HK\N348805,2026-03-28 09:30:05.847,,,,,,,,,,
400573,20260327,Stress,Flatten,,MUSI,QP,CAP,Book-SUB,,,77021537,,1.0,,,,,,,,,,"IT-Other | (Abdullah Alam);Flatten CAP; Book-SUB;54424729,54424730,55925869 [5y vs 10y Callability bond package not correctly processed] | Recurring",Stage,7C877CFB-9D2D-4977-A220-58BD9BE08351,MUS-HK\N348805,2026-03-28 09:30:05.847,,,,,,,,,,
400574,20260327,Stress,Flatten,,MUSI,QP,SSU,,,,,,1.0,,,,,,,,,,IT-Other | (Izzy Barclay);Flatten SSU;8 scenarios;[Incorrect Risk for new Historical Scenarios.  FX exposure component incorrect in stress.] | Recurring,Stage,5BF00219-B480-4189-8DB7-BDCA069FED84,MUS-HK\N348805,2026-03-28 09:30:05.847,,,MRM_2023_SVB_Collapse_ALL,,,,,,,
400575,20260327,Stress,Flatten,,MUSI,QP,SSU,,,,,,1.0,,,,,,,,,,IT-Other | (Izzy Barclay);Flatten SSU;8 scenarios;[Incorrect Risk for new Historical Scenarios.  FX exposure component incorrect in stress.] | Recurring,Stage,CE0E9FD7-41A0-430F-87C7-EA231F1616BE,MUS-HK\N348805,2026-03-28 09:30:05.847,,,MRM_2022_UKGilt_Crisis_ALL,,,,,,,
400576,20260327,Stress,Flatten,,MUSI,QP,SSU,,,,,,1.0,,,,,,,,,,IT-Other | (Izzy Barclay);Flatten SSU;8 scenarios;[Incorrect Risk for new Historical Scenarios.  FX exposure component incorrect in stress.] | Recurring,Stage,357827D2-B761-4B4B-A301-FD807A974483,MUS-HK\N348805,2026-03-28 09:30:05.847,,,MRM_2011_Eurozone_Crisis_ALL,,,,,,,
400577,20260327,Stress,Flatten,,MUSI,QP,SSU,,,,,,1.0,,,,,,,,,,IT-Other | (Izzy Barclay);Flatten SSU;8 scenarios;[Incorrect Risk for new Historical Scenarios.  FX exposure component incorrect in stress.] | Recurring,Stage,5E6133B5-C6FE-4BF6-AEE0-AB41118875CD,MUS-HK\N348805,2026-03-28 09:30:05.847,,,MRM_RiskOff_ALL,,,,,,,
400578,20260327,Stress,Flatten,,MUSI,QP,SSU,,,,,,1.0,,,,,,,,,,IT-Other | (Izzy Barclay);Flatten SSU;8 scenarios;[Incorrect Risk for new Historical Scenarios.  FX exposure component incorrect in stress.] | Recurring,Stage,627F14EE-91CF-48DF-BB00-FB00FE629840,MUS-HK\N348805,2026-03-28 09:30:05.847,,,MRM_RiskOn_ALL,,,,,,,
400579,20260327,Stress,Flatten,,MUSI,QP,SSU,,,,,,1.0,,,,,,,,,,IT-Other | (Izzy Barclay);Flatten SSU;8 scenarios;[Incorrect Risk for new Historical Scenarios.  FX exposure component incorrect in stress.] | Recurring,Stage,3FC83F67-3F2B-4E2F-8978-294BE56D2064,MUS-HK\N348805,2026-03-28 09:30:05.847,,,MRM_2022_FRB_Rate_Hikes_ALL,,,,,,,
400580,20260327,Stress,Flatten,,MUSCAN,QP,RPG,CSBL,,,,,1.0,,,,,,,,,,IT-Other | (Tony Cross);Flatten CAN RPG CSBL;4 scenarios;[until fix] | Recurring,Stage,3447C031-0B7B-4FA5-B3BF-6A1352205962,MUS-HK\N348805,2026-03-28 09:48:25.998,,,MRM_GLB_Std_EQ_M_PriceDnVolUp,,,,,,,
400581,20260327,Stress,Flatten,,MUSCAN,QP,RPG,CSBL,,,,,1.0,,,,,,,,,,IT-Other | (Tony Cross);Flatten CAN RPG CSBL;4 scenarios;[until fix] | Recurring,Stage,9E8438BB-D19D-4AA4-AF3F-CF84CD9A26A5,MUS-HK\N348805,2026-03-28 09:48:25.998,,,MRM_GLB_Std_EQ_M_PriceUpVolDn,,,,,,,
400582,20260327,Stress,Flatten,,MUSCAN,QP,RPG,CSBL,,,,,1.0,,,,,,,,,,IT-Other | (Sylvia Xu);Flatten CAN RPG CSBL;4 scenarios;[until fix] | Recurring,Stage,B99DCF96-6B74-40AC-854E-AACB1C685351,MUS-HK\N348805,2026-03-28 09:48:25.998,,,MRM_GLB_Std_EQ_P_Dn,,,,,,,
400583,20260327,Stress,Flatten,,MUSCAN,QP,RPG,CSBL,,,,,1.0,,,,,,,,,,IT-Other | (Sylvia Xu);Flatten CAN RPG CSBL;4 scenarios;[until fix] | Recurring,Stage,6A8A0B71-EFDE-43D4-A8DB-66CDAEB5B536,MUS-HK\N348805,2026-03-28 09:48:25.998,,,MRM_GLB_Std_EQ_P_Up,,,,,,,
400584,20260327,Sensitivity,Flatten,,MUSI,QS,RTU,Book-EDM,,,,,1.0,,,,,,,,,,IT-Other | (Bhilal Issa);Flatten RTU; Book-EDM; CS01;[Limitation as now CS01 risk is produced for Bond Forward typo] | Recurring,Stage,E66F17C6-4838-4320-8E74-8AF4642ED507,MUS-HK\N348805,2026-03-28 10:58:43.937,,,,,,,,CS01,,
400585,20260327,Sensitivity,Flatten,,MUSI,QS,ETG,,,,,,1.0,,,,,,,,,,Raptor Reporting Issue | (Abdullah Alam);Adjust ETG;US46090E1038 US;sensi;[risk is NASDAQ not Invesco] | Recurring,Stage,C0F02E44-23BA-42B0-B712-76BD732C0DFC,MUS-HK\N348805,2026-03-28 12:44:14.535,,US46090E1038 US,,,,,,FutureDV01PAR,,
400586,20260327,Sensitivity,Flatten,,MUSI,QS,EFE,Book-GIX,,,,,1.0,,,,,,,,,,IT-Other | (Gonalo Velazquez);Flatten EFE Book-GIX;VAR STR SEN;[Decomposed index mirrored into BOOK-GIF] | Recurring,Stage,BBE27EEA-CD8F-4737-816E-9AEC9BFD9EEE,MUS-HK\N348805,2026-03-28 12:44:14.535,,,,,,,,,,
400587,20260327,Sensitivity,Flatten,,MUSI,QS,ETG,,,,,,1.0,,,,,,,,,,Raptor Reporting Issue | (Abdullah Alam);Adjust ETG;US46090E1038 US;sensi;[risk is NASDAQ not Invesco] | Recurring,Stage,514EBED4-AA89-4D66-8213-3F2B48664275,MUS-HK\N348805,2026-03-28 12:44:14.535,,US46090E1038 US,,,,,,EQGAMMA,,
400588,20260327,Sensitivity,Flatten,,MUSI,QS,ETG,,,,,,1.0,,,,,,,,,,Raptor Reporting Issue | (Abdullah Alam);Adjust ETG;US46090E1038 US;sensi;[risk is NASDAQ not Invesco] | Recurring,Stage,FD1AF7C9-0460-4541-AF88-D06D3B786A45,MUS-HK\N348805,2026-03-28 12:44:14.535,,US46090E1038 US,,,,,,EQVEGA,,
400589,20260327,Sensitivity,Flatten,,MUSI,QS,ETG,,,,,,1.0,,,,,,,,,,Raptor Reporting Issue | (Abdullah Alam);Adjust ETG;US46090E1038 US;sensi;[risk is NASDAQ not Invesco] | Recurring,Stage,E9DAB442-EE46-4FDE-A17E-205D9030ACCE,MUS-HK\N348805,2026-03-28 12:44:14.535,,US46090E1038 US,,,,,,EQDELTA,,
400590,20260327,Sensitivity,Flatten,,MUSI,QS,RTU,Book-EDM,,,,,1.0,,,,,,,,,,IT-Other | (Bhilal Issa);Flatten RTU; Book-EDM; CS01;[Limitation as now CS01 risk is produced for Bond Forward typo] | Recurring,Stage,177D0ED8-02C3-44BE-98AF-BAD452A729BF,MUS-HK\N348805,2026-03-28 12:44:14.535,,,,,,,,CS01,,
400591,20260327,Stress,Flatten,,MUSI,QS,EFE,Book-GIX,,,,,1.0,,,,,,,,,,IT-Other | (Abdullah Alam);Flatten EFE; Book-GIX; stresses;[Decomposed Index Risk] | Recurring,Stage,70CDF7CF-6ADB-4BF8-A0DF-4D08C1D78135,MUS-HK\N348805,2026-03-28 18:57:27.383,,,,,,,,,,
400592,20260327,Stress,Flatten,,MUSI,QS,EFE,Book-GIX,,,,,1.0,,,,,,,,,,IT-Other | (Abdullah Alam);Flatten EFE; Book-GIX; stresses;[Decomposed Index Risk] | Recurring,Stage,74585E89-A0F3-4D98-A30A-6D4694761062,MUS-HK\N348805,2026-03-28 20:39:47.511,,,,,,,,,,
